,nama lengkap,alias,instagram,,,,,,
1,Angelica Simperler,,,,crawled,,,,
2,Aaliyah Massaid,,,,crawled,,,,
3,Abdul Latief,,,,crawled,,,,
4,Abdul Qodir Jaelani,,,,crawled,,,,
5,Abdullah Gymnastiar,Aa Gym,,,crawled,,0,,
6,Abdur Arsyad,,,,crawled,,,,
7,Abel Cantika,,,,crawled,,,,
8,Abiel Atan,,,,crawled,,1,,
9,Abilhaq Karil,,,,crawled,,,,
10,Abimana Aryasatya,,,,crawled,,,,
11,Aburizal Bakrie,,,,crawled,,,,
12,Acha Septriasa,,,,crawled,,,,
13,Acha Sinaga,,,,crawled,,,,
14,Achmad Megantara,,,,crawled,,,,
16,Adam Jordan,,,,crawled,,,,
17,Addie MS,,,,crawled,,,,
18,Ade Firman Hakim,,,,crawled,,,,
19,Ade Herlina,,,,crawled,,,,
20,Aderaprabu Lantip Trengginas,,,,crawled,,,,
21,Adhisty Zara JKT48,Zara JKT48,,,crawled,,,,
22,Adi Bing Slamet,,,,crawled,,,,
23,Adi Hidayat,,,,crawled,,,,
24,Adi Nugroho,,,,crawled,,,,
25,Adian Napitupulu,,,,crawled,,,,
26,Adinda Azani,,,,crawled,,,,
27,Adinda Rizki Aprilia Azani,,,,crawled,,,,
28,Adinda Thomas,,,,crawled,,,,
29,Adinia Wirasti,,,,crawled,,,,
30,Adipati Dolken,,,,crawled,,,,
31,Adithya Alkatiri,,,,crawled,,,,
32,Aditya Herpavi,,,,crawled,,,,
33,Adjie Pangestu,,,,crawled,,,,
34,Adly Fairuz,,,,crawled,,,,
35,Adrian Ishak,,,,crawled,,,,
36,Adrian Maulana,,,,crawled,,,,
37,Adyla Rafa Naura Ayu,,,,crawled,,,,
38,Adzana Bing Slamet,,,,crawled,,,,
39,Afghansyah Reza,,,,crawled,,,,
40,Aga Dirgantara,,,,crawled,,,,
41,Agatha Chelsea,,,,crawled,,,,
42,Agatha Pricilla,,,,crawled,,,,
43,Agatha Suci,,,,crawled,,,,
44,Aghnia Punjabi,,,,crawled,,,,
45,Agla Artalidia,,,,crawled,,,,
46,Agnes Monica,,,,crawled,,,,
47,Agni Pratistha,,,,crawled,,,,
48,Agung Hapsah,,,,crawled,,,,
49,Agung Hercules,,,,crawled,,,,
50,Agung Saga,,,,crawled,,,,
51,Agus Gumiwang,,,,crawled,,,,
52,Agus Yudhoyono,,,,crawled,,,,
53,Agustina Hermanto,,,,crawled,,,,
54,Ahmad Abdul,,,,crawled,,,,
55,Ahmad Affandy,,,,crawled,,,,
56,Ahmad Al Ghazali K,,,,crawled,,,,
57,Ahmad Albar,,,,crawled,,,,
58,Ahmad Firdaus,,,,crawled,,,,
59,Ahmad Jalaluddin Rumi,,,,crawled,,,,
60,Achmad Zaky,,achmadzaky,,crawled,,,,
61,Airlangga Hartarto,,,,crawled,,,,
62,Aisyah Aqilah,,,,crawled,,,,
63,aisyah Humairoh Hafidzoh,,,,crawled,,,,
64,Ajeng Fauziah,,,,crawled,,,,
65,Ajeng Kartika,,,,crawled,,,,
66,Ajil Ditto,,,,crawled,,,,
67,Akbar Tandjung,,,,crawled,,,,
68,Akhadi Wira,,,,crawled,,,,
69,Aldi Bragi,,,,crawled,,,,
70,Aldi Taher,,,,crawled,,,,
71,Aldy Maldini,,,,crawled,,,,
72,Alessia Cestaro,,,,crawled,,,,
73,Alex Abbad,,,,crawled,,,,
74,Alex Komang,,,,crawled,,,,
75,Alex Lalisang,,,,crawled,,,,
76,Alexa Key,,,,crawled,,,,
77,Alexandra Asmasoebrata,,,,crawled,,,,
78,Alexandra Gottardo,,,,crawled,,,,
79,Alfiansyah Komeng,Komeng,,,crawled,,,,
80,Ali Akbar,,,,crawled,,,,
81,Ali Mochtar,,,,crawled,,,,
82,Ali Syakieb,,,,crawled,,,,
83,Aliando Syarief,,,,crawled,,,,
84,Alice Norin,,,,crawled,,,,
85,Alif Rizky,,,,crawled,,,,
86,Alifah Ratu Saelynda,,,,crawled,,,,
87,Aliff Alli,,,,crawled,,,,
88,Alika Islamadina,,,,crawled,,,,
89,Alin Fauziah,,,,crawled,,,,
90,Aline Adita,,,,crawled,,,,
91,Alisia Rininta,,,,crawled,,,,
92,Aliya Rajasa,,,,crawled,,,,
93,Aliyah Faizah,,,,crawled,,,,
94,Almeyda Nayara,,,,crawled,,,,
95,Alvin Faiz,,,,crawled,,,,
96,Alwi Sami,,,,crawled,,,,
97,Alya Dimitri,,,,crawled,,,,
98,Alya Nurshabrina,,,,crawled,,,,
99,Alya Rohali,,,,crawled,,,,
100,Alya Zurayya,,,,crawled,,,,
101,Alyssa Daguise,,,,crawled,,,,
102,Alyssa Soebandono,,,,crawled,,,,
103,Alzi Markers,,,,crawled,,,,
104,Amanda Manopo,,,,crawled,,,,
105,Amanda Rawles,,,,crawled,,,,
106,Amanda Rigby,,,,crawled,,,,
107,Amel Carla,,,,crawled,,,,
108,Amien Rais,,,,crawled,,,,
109,Aming Sugandhi,,,,crawled,,,,
110,Aming Supriatna,,,,crawled,,,,
111,Ammar Zoni,,,,crawled,,,,
112,Amora Lemos,,,,crawled,,,,
113,Amran Sulaiman,,,,crawled,,,,
114,Amy Qanita,,,,crawled,,,,
115,Ana Octarina,,,,crawled,,,,
116,Analisa Widyaningrum,,,,crawled,,,,
117,Ananda Omesh,,,,crawled,,,,
118,Anang Hermansyah,,,,crawled,,,,
119,Andania Suri,,,,crawled,,,,
120,Andhara Early,,,,crawled,,,,
121,Andhika Pratama,,,,crawled,,,,
122,Andhika Wira,,,,crawled,,,,
123,Andi Mutiara Pertiwi Basro,,,,crawled,,,,
124,Andi Soraya,,,,crawled,,,,
125,Andika Mahesa,,,,crawled,,,,
126,Andini Aisyah,,,,crawled,,,,
127,Andmesh Kamaleng,,,,crawled,,,,
128,Andovi da Lopez,,,,crawled,,,,
129,Andra Alodita,,,,crawled,,,,
130,Andra Matin,,,,crawled,,,,
131,Andre Rosiade,,,,crawled,,,,
132,Andre Taulany,,andreastaulany,,crawled,,,,
133,Andrea Dian,,,,crawled,,,,
134,Andrea Hirata,,hirataandrea,,crawled,,,,
135,Andrea Turk,,,,crawled,,,,
136,Andrew Andika,,,,crawled,,,,
137,Andrew Darwis,,,,crawled,,,,
138,Andrew White,,,,crawled,,,,
139,Andri Mashadi,,andrimashadi,,crawled,,,,
140,Andrian Ishak,,,,crawled,,,,
141,Andriani Marshanda,,,,crawled,,,,
142,Andriani Toegiono,,,,crawled,,,,
143,Andry Budhiarsa,,,,crawled,,,,
144,Andy F. Noya,,,,crawled,,,,
145,Andy Irfan,,,,crawled,,,,
146,Angel Karamoy,,,,crawled,,,,
147,Angel Lelga,,,,crawled,,,,
148,Angel Lisandi Putri,,,,crawled,,,,
149,Angel Pieters,,,,crawled,,,,
150,Angela Gielsha,,,,crawled,,,,
151,Angela Lee,,,,crawled,,,,
152,Angela Tee,,,,crawled,,,,
153,Angelina Sondakh,,,,crawled,,,,
154,Angga Aldi Yunanda,,,,crawled,,,,
155,Angga Candra,,,,crawled,,,,
156,Angga Dwimas Sasongko,,,,crawled,,,,
157,Anggika Bolsterli,,,,crawled,,,,
158,Anggun Sasmi,,,,crawled,,,,
159,Anggy Umbara,,,,crawled,,,,
160,Angie Ang,,,,crawled,,,,
161,Angie Yulia,,,,crawled,,,,
162,Ani Yudhoyono,,,,crawled,,,,
163,Anies Baswedan,,aniesbaswedan,,crawled,,,,
164,Anindyo Baskoro,,,,crawled,,,,
165,Anis Matta,,,,crawled,,,,
166,Anisa Bahar,,,,crawled,,,,
167,Anisa Rahma,,,,crawled,,,,
168,Anissa Aziza,,,,crawled,,,,
169,Anizabella Lesmana,,,,crawled,,,,
170,Anjana Demira,,,,crawled,,,,
171,Anjani Dina,,,,crawled,,,,
172,anjasmara Prasetya,,,,crawled,,,,
173,Anneke Jodi,,,,crawled,,,,
174,Annet Delliecia Nasution,,,,crawled,,,,
175,Annette Edoarda,,,,crawled,,,,
176,Annisa Aziza,,,,crawled,,,,
177,Annisa Pohan,,,,crawled,,,,
178,Annisa Rawles,,,,crawled,,,,
179,Annisa Trihapsari,,,,crawled,,,,
180,Anthony Sinisuka Ginting,,sinisukanthony,,crawled,,,,
181,Anton Wirjono,,,,crawled,,,,
182,Anwar Fuadi,,,,crawled,,,,
183,Anya Geraldine,,,,crawled,,,,
184,Apriani rahayu,,,,crawled,,,,
185,Aqia Nurfadla,,,,crawled,,,,
186,Arafah Rianti,,,,crawled,,,,
187,Arash Buana,,,,crawled,,,,
188,Arbani Yasiz,,,,crawled,,,,
189,Arcandra Tahar,,,,crawled,,,,
190,Ardhito Pramono,,,,crawled,,,,
191,Ardiansyah Bakrie,,,,crawled,,,,
192,Ardina Rasti,,,,crawled,,,,
193,Ari Irham,,,,crawled,,,,
194,Ari Lasso,,ari_lasso,,crawled,,,,
195,Ari Sihasale,,alenia259,,crawled,,,,
196,Ari Wibowo,,,,crawled,,,,
197,Arie Dwi Andhika,,,,crawled,,,,
198,Arie Untung,,,,crawled,,,,
199,Arie Wibowo,,,,crawled,,,,
200,Arief Muhammad,,,,crawled,,,,
201,Arief Pouyono,,,,crawled (batch 2),,,,
202,Ariel Tatum,,,,crawled (batch 2),,,,
203,Arif Muhammad,Mak Beti,,,crawled (batch 2),,,,
204,Arifin Putra,,,,crawled (batch 2),,,,
205,Ario Anindito,,,,crawled (batch 2),,,,
206,Ario Bayu,,,,crawled (batch 2),,,,
207,Ario Pratomo,,,,crawled (batch 2),,,,
208,Ario Wahab,,,,crawled (batch 2),,,,
209,Armand Maulana,,armandmaulana04,,crawled (batch 2),,,,
210,Arnold Leonard,,,,crawled (batch 2),,,,
211,Arnold Poernomo,,arnoldpo,,crawled (batch 2),,,,
212,Aron Ashab,,,,crawled (batch 2),,,,
213,Arsy Utungga Widianto,,,,crawled (batch 2),,,,
214,Arta Ivano,,,,crawled (batch 2),,,,
215,Artika Sari Devi,,,,crawled (batch 2),,,,
216,Arumi Bachsin,,,,crawled (batch 2),,,,
217,Arya Vasco,,,,crawled (batch 2),,,,
218,Aryani Fitriana,,,,crawled (batch 2),,,,
219,Arzetti Bilbina,,,,crawled (batch 2),,,,
220,Asha Shara,,,,crawled (batch 2),,,,
221,Ashanty Siddik Hasnoputro,,,,crawled (batch 2),,,,
222,Ashilla Zee,,,,crawled (batch 2),,,,
223,Ashira Zamita,,,,crawled (batch 2),,,,
224,Ashira Zamitha,,,,crawled (batch 2),,,,
225,Ashry Rizqky Rabbani,,,,crawled (batch 2),,,,
226,Asman Abnur,,,,crawled (batch 2),,,,
227,Asmara Abigail,,,,crawled (batch 2),,,,
228,Asmirandah Zantman,,,,crawled (batch 2),,,,
229,Asri Welas,,,,crawled (batch 2),,,,
230,Asti Ananta,,,,crawled (batch 2),,,,
231,Astono Handoko,,,,crawled (batch 2),,,,
232,Astri Nurdin,,,,crawled (batch 2),,,,
233,Astrid Khairunisha,,,,crawled (batch 2),,,,
234,Astrid Tiar,,astridtiar127,,crawled (batch 2),,,,
235,Atalarik Syah,,,,crawled (batch 2),,,,
236,Athalla Naufal,,,,crawled (batch 2),,,,
237,Atik Riwayati,Mpok Atik,,,crawled (batch 2),,,,
238,Atiqah Hasiholan,,,,crawled (batch 2),,,,
239,Atta Halilintar,,,,crawled (batch 2),,,,
240,Aty Fathiyah,,,,crawled (batch 2),,,,
241,Aubry Beer,,,,crawled (batch 2),,,,
242,Audi Marissa,,audimarissa,,crawled (batch 2),,,,
243,Audrey Singgih,,,,crawled (batch 2),,,,
244,Augie Fantinus,,,,crawled (batch 2),,,,
245,Aulia Ribero,,,,crawled (batch 2),,,,
246,Aulia Sarah,,,,crawled (batch 2),,,,
247,Aulia Wirizqi,,,,crawled (batch 2),,,,
248,Aura Kasih,,,,crawled (batch 2),,,,
249,Aura Nabilla Izzathi,,,,crawled (batch 2),,,,
250,Aurelia Carisa Lestari,,,,crawled (batch 2),,,,
251,Aurelie Moeremans,,,,crawled (batch 2),,,,
252,Auxilia Paramitha,,,,crawled (batch 2),,,,
253,Ayana Jihye Moon,,,,crawled (batch 2),,,,
254,Ayana Shahab,,,,crawled (batch 2),,,,
255,Ayu Azhari,,,,crawled (batch 2),,,,
256,Ayu Dewi,,,,crawled (batch 2),,,,
257,Ayu Gani,,,,crawled (batch 2),,,,
258,Ayu Hastari,,,,crawled (batch 2),,,,
259,Ayu Pratiwi,,,,crawled (batch 2),,,,
260,Ayu Puspa,,,,crawled (batch 2),,,,
261,Ayu Putri Sundari,,,,crawled (batch 2),,,,
262,Ayu Rosmalia,Ayu TingTing,ayutingting92,,crawled (batch 2),,,,
263,Ayudia Bing Slamet,,,,crawled (batch 2),,,,
264,Ayushita Widyartoeti Nugraha,Ayushita,,,crawled (batch 2),,,,
265,Ayya Renita,,,,crawled (batch 2),,,,
266,Azalia Bianda,,,,crawled (batch 2),,,,
267,Azaria Bianda Avissa,,,,crawled (batch 2),,,,
268,Aziz Hayat,,,,crawled (batch 2),,,,
269,Azka Cobuzier,,,,crawled (batch 2),,,,
270,Azriel Hermansyah,,,,crawled (batch 2),,,,
271,B.J. Habibie,,,,crawled (batch 2),,,,
272,Babe Cabita,,,,crawled (batch 2),,,,
273,Baby Margareta,,,,crawled (batch 2),,,,
274,Baila Fauri,,,,crawled (batch 2),,,,
275,Baim Wong,,baimwong,,crawled (batch 2),,,,
276,Bambang Brodjonegoro,,,,crawled (batch 2),,,,
277,Bambang Hartono,,,,crawled (batch 2),,,,
278,Bambang Pamungkas,,bepe20,,crawled (batch 2),,,,
279,Bambang Reguna,,,,crawled (batch 2),,,,
280,Bambang Soesatyo,,,,crawled (batch 2),,,,
281,Barbie Kumalasari,,,,crawled (batch 2),,,,
282,Barli Asmara,,,,crawled (batch 2),,,,
283,Barry Prima,,,,crawled (batch 2),,,,
284,Baskara Mahendra,,,,crawled (batch 2),,,,
285,Bastian Bintang,,,,crawled (batch 2),,,,
286,Basuki Hadimuljono,,,,crawled (batch 2),,,,
287,Basuki Tjahaja Purnama,,,,crawled (batch 2),,,,
288,Bayu Oktara,,,,crawled (batch 2),,,,
289,Bayu Skak,,,,crawled (batch 2),,,,
290,Bebi Tsabina,,,,crawled (batch 2),,,,
291,Bedu Tohar,,,,crawled (batch 2),,,,
292,Belinda Camesi,,,,crawled (batch 2),,,,
293,Bella Attamimi,,,,crawled (batch 2),,,,
294,Bella Graceva,,,,crawled (batch 2),,,,
295,Bella Saphira,,,,crawled (batch 2),,,,
296,Bella Shofie,,,,crawled (batch 2),,,,
297,Bella Sophie,,,,crawled (batch 2),,,,
298,Ben Joshua,,,,crawled (batch 2),,,,
299,Ben Kasyafani,,,,crawled (batch 2),,,,
300,Beniqno Muhammad Aquino,Beniqno,,,crawled (batch 2),,,,
301,Bentang Ababil,Beno Ababil,,,crawled (batch 2),,,,
302,Benyamin S,,,,crawled (batch 2),,,,
303,Bersena Besthandi,,,,crawled (batch 2),,,,
304,Betrand Antolin,,,,crawled (batch 2),,,,
305,Bianca Jodie Maurinne,,,,crawled (batch 2),,,,
306,Bianca Liza,,,,crawled (batch 2),,,,
307,Biby Alraen,,,,crawled (batch 2),,,,
308,Bill Satya,,,,crawled (batch 2),,,,
309,Billy Davidson,,,,crawled (batch 2),,,,
310,Billy Joe Ava,,,,crawled (batch 2),,,,
311,Billy Syahputra,,,,crawled (batch 2),,,,
312,Bilqis Khumairah Razak,,,,crawled (batch 2),,,,
313,Bima Arya,,,,crawled (batch 2),,,,
314,Bintan Radhita,,,,crawled (batch 2),,,,
315,Bio One,,,,crawled (batch 2),,,,
316,Bisma Karisma,,,,crawled (batch 2),,,,
317,Bobby Andreas Ida,,,,crawled (batch 2),,,,
318,Bobby Maulana,,,,crawled (batch 2),,,,
319,Boby Tince,,,,crawled (batch 2),,,,
320,Boediono,,,,crawled (batch 2),,,,
321,Bondan Prakoso,,,,crawled (batch 2),,,,
322,Bondan Winarno,,,,crawled (batch 2),,,,
323,Bong Chandra,,,,crawled (batch 2),,,,
324,Boris Bokir,,,,crawled (batch 2),,,,
325,Boy Hamzah,,,,crawled (batch 2),,,,
326,Boy Wiliam,,,,crawled (batch 2),,,,
327,Brandon Salim,,,,crawled (batch 2),,,,
328,Brian Imanuel,,,,crawled (batch 2),,,,
329,Brianna Simorangkir,,,,crawled (batch 2),,,,
330,Brigitta Cynthia,,,,crawled (batch 2),,,,
331,Brisia Jodie,,brisiajodie96,,crawled (batch 2),,,,
332,Broery Marantika,,,,crawled (batch 2),,,,
333,Bryan Andrew,,,,crawled (batch 2),,,,
334,Bryan Domani,,,,crawled (batch 2),,,,
335,Budi Gunawan,,,,crawled (batch 2),,,,
336,Budi Karya,,,,crawled (batch 2),,,,
337,Budiman Sudjatmiko,,,,crawled (batch 2),,,,
338,Bunga Citra Lestari,,,,crawled (batch 2),,,,
339,Bunga Zainal,,,,crawled (batch 2),,,,
340,Caca Handika,,,,crawled (batch 2),,,,
341,Caca Tengker,,,,crawled (batch 2),,,,
342,Caesar gunawan,,,,crawled (batch 2),,,,
343,Caitlin Halderman,,,,crawled (batch 2),,,,
344,Cakra Konta P,,,,crawled (batch 2),,,,
345,Camelia Malik,,,,crawled (batch 2),,,,
346,Cantika Abigail Santoso,,,,crawled (batch 2),,,,
347,Carissa Perusset,,carissaperusset,,crawled (batch 2),,,,
348,Carissa Putri,,,,crawled (batch 2),,,,
349,Carlo Saba,,carlo_saba,,crawled (batch 2),,,,
350,Cassandra Sheryl Lee,,,,crawled (batch 2),,,,
351,Catherine Wilson,,,,crawled (batch 2),,,,
352,Cathy Natafitria Fakandi,,,,crawled (batch 2),,,,
353,Cecep Arif Rahman,,,,crawled (batch 2),,,,
354,Cecep Reza,,,,crawled (batch 2),,,,
355,Cecile Evangelista,,,,crawled (batch 2),,,,
356,Celine Evangelista,,,,crawled (batch 2),,,,
357,Chacha Frederica,,,,crawled (batch 2),,,,
358,Chand Kelvin,,,,crawled (batch 2),,,,
359,Chandra Liow,,,,crawled (batch 2),,,,
360,Chantiq Schagerl,,,,crawled (batch 2),,,,
361,Chea Nuh,,,,crawled (batch 2),,,,
362,Chelsea Islan,,,,crawled (batch 2),,,,
363,Chelsea Olivia,,,,crawled (batch 2),,,,
364,Cheryl Raissa,,,,crawled (batch 2),,,,
365,Chicco Jerikho,,,,crawled (batch 2),,,,
366,Chicco Kurniawan,,chiccokurniawan,,crawled (batch 2),,,,
367,Chika Jessica,,,,crawled (batch 2),,,,
368,Chintami Atmanegara,,,,crawled (batch 2),,,,
369,Chintya Sari,,,,crawled (batch 2),,,,
370,Choky Sitohang,,sitohangchoky,,crawled (batch 2),,,,
371,Cholidi Asadil,,,,crawled (batch 2),,,,
372,Chris John,,,,crawled (batch 2),,,,
373,Chrismansyah Rahadi,,,,crawled (batch 2),,,,
374,Chrismanto Eka Prastio,,,,crawled (batch 2),,,,
375,Chrissie Vanessa,,,,crawled (batch 2),,,,
376,Christ Laurent,,,,crawled (batch 2),,,,
377,Christian Loho,,,,crawled (batch 2),,,,
378,Christian Sugiono,,csugiono,,crawled (batch 2),,,,
379,Christie Julia,,,,crawled (batch 2),,,,
380,Christie Jusung,,,,crawled (batch 2),,,,
381,Christina Lie,,,,crawled (batch 2),,,,
382,Christine Hakim,,,,crawled (batch 2),,,,
383,Christoffer Nelwan,,,,crawled (batch 2),,,,
384,Chyntiara Alona,,,,crawled (batch 2),,,,
385,Ciccio Manassero,,,,crawled (batch 2),,,,
386,Cici Paramida,,,,crawled (batch 2),,,,
387,Cikallia,,,,crawled (batch 2),,,,
388,Cikitha Meidy,,,,crawled (batch 2),,,,
389,Cinta Laura Kiehl,,,,crawled (batch 2),,,,
390,Cinta Penelope,,,,crawled (batch 2),,,,
391,Cinta Rahmania Putri,,,,crawled (batch 2),,,,
392,Cinta Rumana Amelz,,,,crawled (batch 2),,,,
393,Cita Citata,,,,crawled (batch 2),,,,
394,Citra Kirana,,citraciki,,crawled (batch 2),,,,
395,Citra Lubis,,,,crawled (batch 2),,,,
396,Citra Skolastika,,,,crawled (batch 2),,,,
397,Clairine Christabel,,,,crawled (batch 2),,Ganjar Gustiana,Selesai,21
398,Clairine Hayes,,,,crawled (batch 2),,Luqman Rahardjo,Selesai,
399,Clara Bernadeth,,,,crawled (batch 2),,Ganjar Gustiana,Selesai,
400,Clara Sutantio,,,,crawled (batch 2),,Ganjar Gustiana,Selesai,
401,Clarissa Putri,,,,crawled (batch 2),,Ganjar Gustiana,Selesai,
402,Claudia Anissa,,,,crawled (batch 2),,Ganjar Gustiana,Selesai,
403,Cleopatra Djapri,,,,crawled (batch 2),,Ganjar Gustiana,Selesai,
404,Cornelia Agatha,,,,crawled (batch 2),,Ganjar Gustiana,Selesai,
405,Cut Beby Tshabina,,bebytsabina,,crawled (batch 2),,Ganjar Gustiana,Selesai,
406,Cut Keke,,,,crawled (batch 2),,Ganjar Gustiana,Selesai,
407,Cut Memey,,,,crawled (batch 2),,Ganjar Gustiana,Selesai,
408,Cut Meyriska,,,,crawled (batch 2),,Ganjar Gustiana,Selesai,
409,Cut Mini,,,,crawled (batch 2),,Ganjar Gustiana,Selesai,
410,Cut Syifa,,,,crawled (batch 2),,Ganjar Gustiana,Selesai,
411,Cut Tari,,,,crawled (batch 2),,Ganjar Gustiana,Selesai,
412,Cynthia Lamusu,,,,crawled (batch 2),,Ganjar Gustiana,Selesai,
413,Cynthia Ramlan,,,,crawled (batch 2),,Ganjar Gustiana,Selesai,
414,Daemita Argoebie,,,,crawled (batch 2),,Ganjar Gustiana,Selesai,
415,Dahlan Iskan,,,,crawled (batch 2),,Ganjar Gustiana,Selesai,
416,Dahlia Poland,,,,crawled (batch 2),,Ganjar Gustiana,Selesai,
417,Dahnil Anzar,,dahnil_anzar_simanjuntak,,crawled (batch 2),,Ganjar Gustiana,Selesai,
418,Dallas Pratama,,,,crawled (batch 2),,Ganjar Gustiana,Selesai,
419,Danang Pradana Dieva,,,,crawled (batch 2),,,,
420,Dandy Hendstyo,,,,crawled (batch 2),,,,
421,Daniel Mananta,,,,crawled (batch 2),,,,
422,Daniel Topan,,,,crawled (batch 2),,,,
423,Daniel Wenas,,,,crawled (batch 2),,,,
424,Danilla Riyadi,,,,crawled (batch 2),,,,
425,Danita Vinarosa,,,,crawled (batch 2),,,,
426,Dara Rizky,,,,crawled (batch 2),,,,
427,Darius Sinathrya,,,,crawled (batch 2),,,,
428,Darmin Nasution,,,,crawled (batch 2),,,,
429,Darwis Triadi,,,,crawled (batch 2),,,,
430,Daus Separo,,,,crawled (batch 2),,,,
431,Dave Hendrik,,,,crawled (batch 2),,,,
432,Dave Jephcott,,,,crawled (batch 2),,,,
433,David Bayu,,,,crawled (batch 2),,,,
434,David Nurbianto,,,,crawled (batch 2),,,,
435,Davina Veronica,,,,crawled (batch 2),,,,
436,Dayu Dara Permata,,,,crawled (batch 2),,,,
437,Dea Dalila,,,,crawled (batch 2),,,,
438,Debi Sagita,,,,crawled (batch 2),,,,
439,Debo Andryos Aryanto,,,,crawled (batch 2),,,,
440,Deddy Corbuzier,,,,crawled (batch 2),,,,
441,Deddy Desta,,,,crawled (batch 2),,,,
442,Deddy Dores,,,,crawled (batch 2),,,,
443,Deddy Mizwar,,,,crawled (batch 2),,,,
444,Dedi Gumelar,,,,crawled (batch 2),,,,
445,Dedi Mulyadi,,,,crawled (batch 2),,,,
446,Delania Marvella,,,,crawled (batch 2),,,,
447,Delia Septianti,,,,crawled (batch 2),,,,
448,Della Dartyan,,delladartyan,,crawled (batch 2),,,,
449,Dellie Threesyadinda,,,,crawled (batch 2),,,,
450,Demian Aditya,,,,crawled (batch 2),,,,
451,Dena Rachman,,,,crawled (batch 2),,,,
452,Denira Wiraguna,,,,crawled (batch 2),,,,
453,Dennis Adhiswara,,,,crawled (batch 2),,,,
454,Denny Chandra,,,,crawled (batch 2),,,,
455,Denny Darko,,,,crawled (batch 2),,,,
456,Denny Sumargo,,,,crawled (batch 2),,,,
457,Denny Wahyudi,,,,crawled (batch 2),,,,
458,Deny Mulyadi,,,,crawled (batch 2),,,,
459,Derby Romero,,,,crawled (batch 2),,,,
461,Desi Florita,,,,crawled (batch 2),,,,
462,Deswita Maharani,,,,crawled (batch 2),,,,
463,Desy Ratnasari,,,,crawled (batch 2),,,,
464,Deva Mahenra,,devamahenra,,crawled (batch 2),,,,
465,Devano Danendra,,devdanendra,,crawled (batch 2),,,,
466,Deven Christiandi Putra,,,,crawled (batch 2),,,,
467,Devi Kinal Putri,,,,crawled (batch 2),,,,
468,Devina Aureel,,,,crawled (batch 2),,,,
469,Dewa Budjana,,dewabudjana,,crawled (batch 2),,,,
470,Dewi Gita,,,,crawled (batch 2),,,,
471,Dewi Irawan,,,,crawled (batch 2),,,,
472,Dewi Lestari,Dee Lestari,,,crawled (batch 2),,,,
473,Dewi Persik,,,,crawled (batch 2),,,,
474,Dewi Rezer,,,,crawled (batch 2),,,,
475,Dewi Sanca,,,,crawled (batch 2),,,,
476,Dewi Sandra,,,,crawled (batch 2),,,,
477,Dewi Yull,,,,crawled (batch 2),,,,
478,Dhana Xaviera,,,,crawled (batch 2),,,,
479,Dhani Ahmad Prasetyo,,,,crawled (batch 2),,,,
480,Dhawiya Zaida,,,,crawled (batch 2),,,,
481,Dhea Ananda,,,,crawled (batch 2),,,,
483,Dhea Annisa,,,,crawled (batch 2),,,,
484,Dhea Seto,,,,crawled (batch 2),,,,
485,Dhini Aminarti,,,,crawled (batch 2),,,,
486,Di Muhammad Devirzha,,,,crawled (batch 2),,,,
487,Dia Sekala Bumi,,,,crawled (batch 2),,,,
488,Diah Permatasari,,,,crawled (batch 2),,,,
489,Diajeng Lestari,,diajenglestari,,crawled (batch 2),,,,
490,Dian Ayu Lestari,,,,crawled (batch 2),,,,
491,Dian Nitami,,,,crawled (batch 2),,,,
492,Dian Pelangi,,,,crawled (batch 2),,,,
493,Dian Pramana Putra,,,,crawled (batch 2),,,,
494,Dian Sastrowardoyo,,,,crawled (batch 2),,,,
495,Diana Rikasari,,,,crawled (batch 2),,,,
496,Dicky Maulana Prasetya,,,,crawled (batch 2),,,,
497,Didi Kempot,,,,crawled (batch 2),,,,
498,Didi Mahardika,,,,crawled (batch 2),,,,
499,Didi Petet,,,,crawled (batch 2),,,,
500,Didi Riyadi,,,,crawled (batch 2),,,,
501,Didiet Maulana,,,,crawled (batch 2),,,,
502,Dikta Wicaksono,,,,crawled (batch 2),,,,
503,Dimas Anggara,,,,crawled (batch 2),,,,
504,Dimas Beck,,,,crawled (batch 2),,,,
505,Dimas Danang,,,,crawled (batch 2),,,,
506,Dimas Djayadiningrat,,,,crawled (batch 2),,,,
507,Dimas Seto,,,,crawled (batch 2),,,,
508,Dinda Hauw,,,,crawled (batch 2),,,,
509,Dinda Kanya Dewi,,,,crawled (batch 2),,,,
510,Dinda Kirana,,,,crawled (batch 2),,,,
512,Dinesia,,,,crawled (batch 2),,,,
513,Dini Aminarti,,,,crawled (batch 2),,,,
514,Dion Wiyoko,,,,crawled (batch 2),,,,
515,Dipha Barus,,,,crawled (batch 2),,,,
516,Dira Sugandi,,,,crawled (batch 2),,,,
517,Dirly dave Sompie,,,,crawled (batch 2),,,,
518,Dita Fakhrana Utami,,,,crawled (batch 2),,,,
519,Dita Sumargo,,,,crawled (batch 2),,,,
520,Djauhari Oratmangun,,,,crawled (batch 2),,,,
521,Djenar Maesa Ayu,,,,crawled (batch 2),,,,
522,Djuhri Masdjan,,,,crawled (batch 2),,,,
523,Dodi Hidayatullah,,,,crawled (batch 2),,,,
524,Dodit Mulyanto,,,,crawled (batch 2),,,,
526,Dominique Diyose,,,,crawled (batch 2),,,,
527,Noni Annisa Ramadhani,Donita,,,crawled (batch 2),,,,
528,Donna Agnesia,,,,crawled (batch 2),,,,
529,Donna Harun,,,,crawled (batch 2),,,,
530,Donny Damara,,,,crawled (batch 2),,,,
531,Dorce Gamalama,,,,crawled (batch 2),,,,
532,Boyke Dian Nugraha,Boyke,,,crawled (batch 2),,,,
533,Dude Harlino,,,,crawled (batch 2),,,,
534,Duma Riris,,,,crawled (batch 2),,,,
535,Duta Sheila,,,,crawled (batch 2),,,,
536,Dwi Andhika,,,,crawled (batch 2),,,,
537,Dwi Handayani Syah Putri,,,,crawled (batch 2),,,,
538,Dwi Sasono,,,,crawled (batch 2),,,,
539,Dylan Carr,,,,crawled (batch 2),,,,
540,Dzawin Nur Ikram,,,,crawled (batch 2),,,,
541,Ebiet G. Ade,,,,crawled (batch 2),,,,
542,Eddy Silitonga,,,,crawled (batch 2),,,,
543,Eddy Soepono,,,,crawled (batch 2),,,,
544,Edho Pratama,,,,crawled (batch 2),,,,
545,Edho Zell,,,,crawled (batch 2),,,,
546,Edi Brokoli,,,,crawled (batch 2),,,,
547,Edi John,,,,crawled (batch 2),,,,
548,Edo Borne,,,,crawled (batch 2),,,,
549,Edric Tjandra,,,,crawled (batch 2),,,,
550,Edward Akbar,,,,crawled (batch 2),,,,
551,Edy Rahmayadi,,,,crawled (batch 2),,,,
552,Egy Maulana Vikri,,,,crawled (batch 2),,,,
553,Eka Gustiwana,,,,crawled (batch 2),,,,
554,Eka Nusa Pertiwi,,,,crawled (batch 2),,,,
555,Eko Patrio,,,,crawled (batch 2),,,,
556,Eko Putro Sandjojo,,,,crawled (batch 2),,,,
557,Elga Elaskia,,,,crawled (batch 2),,,,
558,Elichon Christellgo,igo pentury,,,crawled (batch 2),,,,
559,Elly Kasim,,,,crawled (batch 2),,,,
560,Elly Sugigi,,,,crawled (batch 2),,,,
561,Elma Agustin,,,,crawled (batch 2),,,,
562,Elma Theana,,,,crawled (batch 2),,,,
563,Elvy Sukaesih,,,,crawled (batch 2),,,,
564,Elyzia Muchalela,,,,crawled (batch 2),,,,
565,Emil Dardak,,,,crawled (batch 2),,,,
566,Ence Bagus,,,,crawled (batch 2),,,,
567,Endy Arfian,,,,crawled (batch 2),,,,
568,Enggartiasto Lukita,,,,crawled (batch 2),,,,
569,Enno Lerian,,,,crawled (batch 2),,,,
570,Eno Bening,,eno_bening,,crawled (batch 2),,,,
571,Entis Sutisna,,,,crawled (batch 2),,,,
572,Enzy Historia,,,,crawled (batch 2),,,,
573,Ephy Sekuriti,,,,crawled (batch 2),,,,
574,Epy Kusnandar,,,,crawled (batch 2),,,,
575,Erdian Aji,Anji,,,crawled (batch 2),,,,
576,Erick Thohir,,erickthohir,,crawled (batch 2),,,,
577,Ericko Lim,,,,crawled (batch 2),,,,
578,Erie Suzan,,,,crawled (batch 2),,,,
579,Eriska Rein,,,,crawled (batch 2),,,,
580,Ernest Prakasa,,,,crawled (batch 2),,,,
581,Eros Djarot,,,,crawled (batch 2),,,,
582,Ersa Mayori,,,,crawled (batch 2),,,,
583,Ersya Aurelia,,,,crawled (batch 2),,,,
584,Ervan Naro,,,,crawled (batch 2),,,,
585,Erwin Gutawa,,,,crawled (batch 2),,,,
587,Ery Makmur,,,,crawled (batch 2),,,,
588,Esa Sigit,,,,crawled (batch 2),,,,
589,Estelle Linden,,,,crawled (batch 2),,,,
590,Eugenie Patricia,,,,crawled (batch 2),,,,
591,Eva Celia,,,,crawled (batch 2),,,,
592,Evan Sanders,,,,crawled (batch 2),,,,
593,Evelyn Anjani,,,,crawled (batch 2),,,,
594,Evi Masamba,,,,crawled (batch 2),,,,
595,Evie Effendi,,,,crawled (batch 2),,,,
596,Eza Gionino,,,,crawled (batch 2),,,,
597,Eza Yayang,,,,crawled (batch 2),,,,
598,Faby Marcelia,,,,crawled (batch 2),,,,
599,Fachri Albar,,,,crawled (batch 2),,,,
600,Fachri Muhammad,,,,crawled (batch 2),,,,
601,Fadil Jaidi,,,,crawled (batch 2),,,,
602,Fadli Zon,,fadlizon,,crawled (batch 2),,,,
603,Fahrani Pawaka Empel,Fahrani,,,crawled (batch 2),,,,
604,Fahri Hamzah,,fahrihamzah,,crawled (batch 2),,,,
605,Fahri Ilyas,,,,crawled (batch 2),,,,
606,Fairuz A Rafiq,,,,crawled (batch 2),,,,
607,Fajar Alfian,,,,crawled (batch 2),,,,
608,Fakhrul Razi,,,,crawled (batch 2),,,,
609,Faldo Maldini,,,,crawled (batch 2),,,,
610,Fandy Christian,,,,crawled (batch 2),,,,
611,Fanny Fabriana,,,,crawled (batch 2),,,,
612,Fanny Fadillah,,,,crawled (batch 2),,,,
613,Fanny Ghassani,,,,crawled (batch 2),,,,
614,Farah Quinn,,farahquinnofficial,,crawled (batch 2),,,,
615,Farhat Abbas,,,,crawled (batch 2),,,,
616,Fariz RM,,,,crawled (batch 2),,,,
617,Fathi Nurimaniah,,,,crawled (batch 2),,,,
618,Fathia Izzati,,,,crawled (batch 2),,,,
619,Fathir Muchtar,,,,crawled (batch 2),,,,
620,Fatih Unru,,,,crawled (batch 2),,,,
621,Fatin Shidqia,,,,crawled (batch 2),,,,
622,Fauzan Mujahid,,,,crawled (batch 2),,,,
623,Fauzan Nasrul,,,,crawled (batch 2),,,,
624,Fauzi Baadila,,,,crawled (batch 2),,,,
625,Fay Nabila,,,,crawled (batch 2),,,,
626,Febby Febiola,,,,crawled (batch 2),,,,
627,Febby Rastanti,,febbyrastanty,,crawled (batch 2),,,,
628,Feby Febiola,,,,crawled (batch 2),,,,
629,Feby Putri,,,,crawled (batch 2),,,,
630,Fedi Nuril,,,,crawled (batch 2),,,,
631,Felicya Angelista,,felicyangelista,,crawled (batch 2),,,,
632,Felix Siauw,,,,crawled (batch 2),,,,
633,Fendy Chow,,,,crawled (batch 2),,,,
634,Feni Rose,,,,crawled (batch 2),,,,
635,Fenita Arie,,,,crawled (batch 2),,,,
636,Fenita Jayanti,,,,crawled (batch 2),,,,
637,Fera Feriska,,,,crawled (batch 2),,,,
638,Ferdinand Hutahaean,,,,crawled (batch 2),,,,
639,Ferly Putra,,,,crawled (batch 2),,,,
640,Fero Walandouw,,,,crawled (batch 2),,,,
641,Ferry Irawan,,,,crawled (batch 2),,,,
642,Ferry Salim,,,,crawled (batch 2),,,,
643,Fevi Hermawan,,,,crawled (batch 2),,,,
644,Fiersa Besari,,,,crawled (batch 2),,,,
645,Fifie Buntaran,,,,crawled (batch 2),,,,
646,Filo Sebastian,,,,crawled (batch 2),,,,
647,Firman Siagian,,,,crawled (batch 2),,,,
648,Firrina Sinatrya,,,,crawled (batch 2),,,,
649,Fita Anggriani Ilham,,,,crawled (batch 2),,,,
650,Fitri Aulia,,,,crawled (batch 2),,,,
651,Fitri Ayu,,,,crawled (batch 2),,,,
652,Fitri Carlina,,,,crawled (batch 2),,,,
653,Fitri Tropica,,,,crawled (batch 2),,,,
654,Fitrie Rachmadina,,,,crawled (batch 2),,,,
655,Franco Wellyjat Medjaya Kusumah,Enda Ungu,,,crawled (batch 2),,,,
656,Frans Nicholas,,,,crawled (batch 2),,,,
657,Furry Citra,,,,crawled (batch 2),,,,
658,Gading Marten,,gadiiing,,crawled (batch 2),,,,
659,Gaizzka Metsu,,,,crawled (batch 2),,,,
660,Galih Ginanjar,,,,crawled (batch 2),,,,
661,Gallendra Madana Juanda,Gallendra,,,crawled (batch 2),,,,
662,Gamal Albinsaid,,,,crawled (batch 2),,,,
663,Gamaliel Krisatya Tapiheru,,,,crawled (batch 2),,,,
664,Gandhi Fernando,,,,crawled (batch 2),,,,
665,Ganindra Bimo,,,,crawled (batch 2),,,,
666,Ganjar Pranowo,,ganjar_pranowo,,crawled (batch 2),,,,
667,Garin Nugroho,,garin_fim,,crawled (batch 2),,,,
668,Garneta Haruni,,,,crawled (batch 2),,,,
669,Gary Iskak,,,,crawled (batch 2),,,,
670,Gatot Nurmantyo,,nurmantyo_gatot,,crawled (batch 2),,,,
671,Gebi Ramadhan,,,,crawled (batch 2),,,,
672,Gege Elisa,,,,crawled (batch 2),,,,
673,Gempita Noura Marten,,,,crawled (batch 2),,,,
674,Genrifinadi Pamungkas,,,,crawled (batch 2),,,,
675,Georgita Audrey Helena,,,,crawled (batch 2),,,,
676,Gesata Stella,,,,crawled (batch 2),,,,
677,Gesya Shandy,,,,crawled (batch 2),,,,
678,Ghaida Tsurayya,,,,crawled (batch 2),,,,
679,Ghea Indrawari,,,,crawled (batch 2),,,,
680,Ghina Alwi,,ghina,,crawled (batch 2),,,,
681,Gibran Rakabuming Raka,,,,crawled (batch 2),,,,
682,Gilang Dirga,,,,crawled (batch 2),,,,
683,Gilbert Marciano,,,,crawled (batch 2),,,,
684,Ginatri S Noer,,,,crawled (batch 2),,,,
685,Giorgino Abraham,,,,crawled (batch 2),,,,
686,Girindra Kara,,,,crawled (batch 2),,,,
687,Giring Ganesha,,,,crawled (batch 2),,,,
688,Gisela Cindy,,,,crawled (batch 2),,,,
689,Gisella Anastasia,,gisel_la,,crawled (batch 2),,,,
690,Gista Putri,,,,crawled (batch 2),,,,
691,Gita Bhebhita,,,,crawled (batch 2),,,,
692,Gita Gutawa,,,,crawled (batch 2),,,,
693,Gita Savitri Devi,,,,crawled (batch 2),,,,
694,Gita Sinaga,,,,crawled (batch 2),,,,
695,Gita Wirjawan,,,,crawled (batch 2),,,,
696,Glenn Alinskie,,glennalinskie,,crawled (batch 2),,,,
697,Glenn Fredly,,gleenfredly309,,crawled (batch 2),,,,
698,Glenn Samuel,,,,crawled (batch 2),,,,
699,Gogo Sinanjuntak,,,,crawled (batch 2),,,,
700,Grace Natalie,,,,crawled (batch 2),,,,
701,Gracia Indri,,,,crawled (batch 2),,,,
702,Greysia Polii,,,,crawled (batch 2),,,,
703,Griffiths Anna Gilbert,,,,crawled (batch 2),,,,
704,Gritte Agatha,,,,crawled (batch 2),,,,
705,Gugun Gondrong,,,,crawled (batch 2),,,,
706,Gunawan Sudrajat,,,,crawled (batch 2),,,,
707,Guntur Bumi,,,,crawled (batch 2),,,,
708,Gus Azmi,,,,crawled (batch 2),,,,
709,Haddad Alwi,,,,crawled (batch 2),,,,
710,Hamas Syahid,,,,crawled (batch 2),,,,
711,Hamidah Rachmayanti,,,,crawled (batch 2),,,,
712,Hamish Daud,,,,crawled (batch 2),,,,
713,Hana Prinantina,,,,crawled (batch 2),,,,
714,Hana Saraswati,,,,crawled (batch 2),,,,
716,Hanan Attaki,,,,crawled (batch 2),,,,
717,Handi Morgan Winata,,,,crawled (batch 2),,,,
718,Handika Pratama,,,,crawled (batch 2),,,,
719,Haneen Akira,,,,crawled (batch 2),,,,
720,Hanggini P Retto,,,,crawled (batch 2),,,,
721,Hanif Andarevi,,,,crawled (batch 2),,,,
722,Hanif Dhakiri,,,,crawled (batch 2),,,,
723,Hanin Dhiya,,hanindhiyaatys,,crawled (batch 2),,,,
724,Hannah Alrasyid,,,,crawled (batch 2),,,,
725,Hanung Bramantyo,,hanungbramantyo,,crawled (batch 2),,,,
726,Happy Salma,,,,crawled (batch 2),,,,
727,Hardi Fadhillah,,,,crawled (batch 2),,,,
728,Harris Illano Vriza,,,,crawled (batch 2),,,,
729,Haruka Nakagawa,,,,crawled (batch 2),,,,
730,Harun,,,,crawled (batch 2),,,,
731,Hary Tanoesodibjo,,,,crawled (batch 2),,,,
732,Hasto Kristiyanto,,,,crawled (batch 2),,,,
733,Hatta Rajasa,,,,crawled (batch 2),,,,
734,Haviza Devi,,,,crawled (batch 2),,,,
735,Haykal Kamil,,,,crawled (batch 2),,,,
736,Hedi Yunus,,,,crawled (batch 2),,,,
737,Helena Andrian,,,,crawled (batch 2),,,,
738,Helmalia Putri,,,,crawled (batch 2),,,,
739,Helmi Yahya,,,,crawled (batch 2),,,,
740,Hendra Setiawan,,,,crawled (batch 2),,,,
741,Hengky Kurniawan,,,,crawled (batch 2),,,,
742,Hengky Solaiman,,,,crawled (batch 2),,,,
743,Hengky Tornando,,,,crawled (batch 2),,,,
744,Henry Baskoro Hendarso,Enji Baskoro,,,crawled (batch 2),,,,
745,Herfiza Novianti,,,,crawled (batch 2),,,,
746,Herjunot Ali,,,,crawled (batch 2),,,,
747,Hesti Purwadinata,,,,crawled (batch 2),,,,
748,Hidayat Nur Wahid,,,,crawled (batch 2),,,,
749,Hotman Paris,,,,crawled (batch 2),,,,
750,Hujwiriawan Ewing,,,,crawled (batch 2),,,,
751,Husein Alatas,,,,crawled (batch 2),,,,
753,I Gede Ari Astina,Jerinx,,,crawled (batch 2),,,,
754,I Nyoman Nuarta,,,,crawled (batch 2),,,,
755,Ian Kasela,,,,crawled (batch 2),,,,
756,Ibnu Jamil,,,,crawled (batch 2),,,,
757,Ibrahim Imran,,,,crawled (batch 2),,,,
758,Ibrahim Risyad,,,,crawled (batch 2),,,,
759,Icha Anisa,,,,crawled (batch 2),,,,
760,Ida Fauziyah,,,,crawled (batch 2),,,,
761,Idrus Marham,,,,crawled (batch 2),,,,
762,Ifa Isfansyah,,,,crawled (batch 2),,,,
763,Ifan Fajarsyah,,,,crawled (batch 2),,,,
764,Ify Alyssa,,,,crawled (batch 2),,,,
765,Ignasius Jonan,,,,crawled (batch 2),,,,
766,Ignatius Rosoinaya Penyami,,,,crawled (batch 2),,,,
767,Igor Saykoji,,,,crawled (batch 2),,,,
768,Ihsan Tarore,,,,crawled (batch 2),,,,
769,Iis Dahlia,,,,crawled (batch 2),,,,
770,Iis Sugianto,,,,crawled (batch 2),,,,
771,Ika Putri,,,,crawled (batch 2),,,,
772,Ikang Fawzi,,ikangfawzi,,crawled (batch 2),,,,
773,Iko Uwais,,iko.uwais,,crawled (batch 2),,,,
774,Ilham Ananta,,,,crawled (batch 2),,,,
775,Imam Darto,,,,crawled (batch 2),,,,
776,Imam Nahrawi,,,,crawled (batch 2),,,,
777,Imam Priyono,,,,crawled (batch 2),,,,
778,Imelda Therinne,,,,crawled (batch 2),,,,
779,Immanuel Caesar Hito,,,,crawled (batch 2),,,,
780,Ina Marika,,,,crawled (batch 2),,,,
781,Inara Rusli,Inara Bexxa,,,crawled (batch 2),,,,
782,Indah Kusuma,,,,crawled (batch 2),,,,
783,Indah Nada Puspita,,,,crawled (batch 2),,,,
784,Indah Permatasari,,,,crawled (batch 2),,,,
785,Indira Kalistha,,,,crawled (batch 2),,,,
786,Indra Bekti,,,,crawled (batch 2),,,,
787,Indra Birowo,,,,crawled (batch 2),,,,
788,Indra Brotolaras,,,,crawled (batch 2),,,,
789,Indra Bruggman,,,,crawled (batch 2),,,,
790,Indra Frimawan,,,,crawled (batch 2),,,,
791,Indra Gunawan,indra jegel,,,crawled (batch 2),,,,
792,Indra Herlambang,,indraherlambang,,crawled (batch 2),,,,
793,Indra Lesmana,,,,crawled (batch 2),,,,
794,Indra Sinaga,,,,crawled (batch 2),,,,
795,Indro Warkop,,,,crawled (batch 2),,,,
796,Indy Barends,,,,crawled (batch 2),,,,
797,Ines Putri,,,,crawled (batch 2),,,,
798,Inka Christie,,,,crawled (batch 2),,,,
799,Inneke Koesherawati,,,,crawled (batch 2),,,,
800,Intan Nuraini,,,,crawled (batch 2),,,,
801,Inul Daratista,,,,crawled (batch 2),,,,
802,Iqbaal Ramadhan,,,,crawled (batch 2),,,,
803,Ira Koesno,,,,crawled (batch 2),,,,
804,Ira Maya Sopha,,,,crawled (batch 2),,,,
805,Irfan Hakim,,irfanhakim75,,crawled (batch 2),,,,
806,Irish Bella,,_irishbella_,,crawled (batch 2),,,,
807,Muhammad Riza Irsyadillah,Irsyadillah,,,crawled (batch 2),,,,
808,Irvan Farhad,,,,,,,,
809,Irvan Setiadi Kartawiria,,,,,,,,
810,Irwansyah,,irwansyah,,,,,,
811,Isyana Bagoes Oka,,,,,,,,
812,Isyana Sarasvati,,isyanasarasvati,,,,,,
813,Ivan Gunawan,,,,,,,,
814,Ivy Batuta,,,,,,,,
815,Iwa K,,,,,,,,
816,Iwan Fals,,,,,,,,
817,Jaja Mihardja,,,,,,,,
818,Jajang C Noer,,,,,,,,
819,Jane Shalimar,,,,,,,,
820,Jang Hansol,Korea Reomit,,,,,,,
821,Jasmine Nadiko,,,,,,,,
822,Jason Ranti,,,,,,,,
823,Jefan Nathanio,,,,,,,,
824,Jefri Nichols,,jefrinichols,,,,,,
825,Jenahara Nasution,,,,,,,,
826,Jenita jannet,,,,,,,,
827,Jennifer Arnelita,,,,,,,,
828,Jennifer Bachdim,,,,,,,,
829,Jennifer Coppen,,,,,,,,
830,Jennifer Dunn,,,,,,,,
831,Jeremy Teti,,tetijeremy,,,,,,
832,Jeremy Thomas,,,,,,,,
833,Jerome Pollin,,,,,,,,
834,Jessica Anastasya,,,,,,,,
835,Jessica Iskandar,,inijedar,,,,,,
836,Jessica Mila,,,,,,,,
837,Jevin Julian,,,,,,,,
838,Jhon Yewen,,,,,,,,
839,Jihan Audy,,,,,,,,
840,Jihan Fahira,,,,,,,,
841,Jihane Almira,,,,,,,,
842,Jill Gladys,,,,,,,,
843,Jimly Asshidiqie,,,,,,,,
844,Joanita chatarine,,,,,,,,
845,Joanna Alexandra,,,,,,,,
846,Joe Taslim,,joe_taslim,,,,,,
847,Joey Alexander,,,,,,,,
848,Joko Anwar,,jokoanwar,,,,,,
849,Joko Widodo,jokowi,jokowi,,,,,,
850,Jonas Rivanno,,,,,,,,
851,Jonathan Christie,,jonatanchristieofficial,,,,,,
852,Jonathan Frizzy,,,,,,,,
853,Jordi Onsu,,,,,,,,
854,Josephine Firmstone,,,,,,,,
855,Joshua Suherman,,,,,,,,
856,Jovial da Lopez,,,,,,,,
857,Jovie Adhiguna Hunter,,,,,,,,
858,Joy Destiny Tiurma tobing,,,,,,,,
859,Judika Sitohang,,jud1ka,,,,,,
860,Julia Perez,,,,,,,,
861,Julian Jacob,,,,,,,,
862,Julie Estelle,,,,,,,,
863,Juna Rorimpandey,,junarorimpandeyofficial,,,,,,
864,Junior Liem,,,,,,,,
865,Jusuf Kalla,,jusufkalla,,,,,,
866,Juwita Bahar,,,,,,,,
867,Kabul Basuki,Tessy,,,,,,,
868,Kadek Devi,,,,,,,,
869,Mubarak,Kadir,,,,,,,
870,Kaditha Ayu,,,,,,,,
871,Kaesang Pangarep,,,,,,,,
872,Kahiyang Ayu,,,,,,,,
873,Kamasean Mathews,,,,,,,,
874,Kamidia Radisti,,,,,,,,
875,Kamila Andini,,,,,,,,
876,Karen Vendela,,,,,,,,
877,Karin Novilda,,,,,,,,
878,karina Nadila,,,,,,,,
879,Karina Salim,,,,,,,,
880,Kartika Yudia,,,,,,,,
881,Keenan Pearce,,,,,,,,
882,Keira Shabira,,,,,,,,
883,Kelly Tandiono,,,,,,,,
884,Kemal Pahlevi,,,,,,,,
885,Kerenina Sunny Halim,,,,,,,,
886,Kesha Ratuliu,,,,,,,,
888,Keshya Valerie,,,,,,,,
889,kevin anggara,,,,,,,,
890,Kevin Aprilio,,,,,,,,
891,Kevin Hendrawan,,,,,,,,
892,Kevin Hillers,,,,,,,,
893,Kevin Joanito Gea,,,,,,,,
894,Kevin Julio,,,,,,,,
895,Kevin Julio Chandra,,,,,,,,
896,Kevin Liliana,,,,,,,,
897,Kevin Sanjaya,,kevin_sanjaya,,,,,,
898,Kezia Karamoy,,,,,,,,
899,Kezia Roslin Cikita Warouw,,,,,,,,
900,Khalid Basalamah,,,,,,,,
901,Khoirunisa,Nissa Sabyan,,,,,,,
902,Kia Poetri,,,,,,,,
903,Kiara Leswara,,,,,,,,
904,Kiki Amalia,,,,,,,,
905,Kiki Farrel,,,,,,,,
906,Kimberley Fransa Salim,,,,,,,,
907,Kimberly Ryder,,,,,,,,
908,Kimmy Jayanti,,,,,,,,
909,Kimo Stamboel,,,,,,,,
910,Kinaryosih,,,,,,,,
911,Kintan Mary,,,,,,,,
912,Kirana Larasari,,,,,,,,
913,Kresna Julio,,,,,,,,
914,Kris Dayanti,,,,,,,,
915,Kris Monte,,,,,,,,
917,Krisna Pratiwi,,,,,,,,
918,Kriss Hatta,,,,,,,,
919,Kunto Aji,,,,,,,,
920,Laela Rachmawati,,,,,,,,
921,Lala Karmela,,,,,,,,
922,Lalu Muhammad Zohri,,,,,,,,
923,Lana Nitibaskara,,,,,,,,
924,Larissa Chou,,,,,,,,
925,Laudya Cynthia Bella,,,,,,,,
926,Laura Basuki,,,,,,,,
927,Laura Theux,,,,,,,,
928,Lea Simanjuntak,,,,,,,,
929,Lee jeong Hoon,,,,,,,,
930,Leon Dozan,,,,,,,,
931,Leony Vitria Hartanti,,,,,,,,
932,Lia Waode,,,,,,,,
933,Lian Firman,,,,,,,,
934,Lidya Kandou,,,,,,,,
935,Liem Swie King,,,,,,,,
936,Lies Hartono,,,,,,,,
937,Lifia Laeticia,,,,,,,,
938,Liliyana Natsir,,,,,,,,
939,Lily Zhen,,,,,,,,
940,Limbad,Master Limbad,,,,,,,
941,Linda Kayhz,,,,,,,,
942,Lindswell Kwok,,,,,,,,
943,Linka Angelia,,,,,,,,
944,Lionil Hendrik,,,,,,,,
945,Livi Zheng,,,,,,,,
946,Lizzie Parra,,,,,,,,
947,Lola Amaria,,,,,,,,
948,Lolita Agustine,,,,,,,,
949,Louise Anastasya,,,,,,,,
950,Lucinta Luna,,,,,,,,
951,Lucky Hakim,,,,,,,,
952,Lucky Perdana,,,,,,,,
953,Luhut Pandjaitan,,,,,,,,
954,Lukman Hakim Saifuddin,,,,,,,,
955,Lukman Sardi,,lukmansrd,,,,,,
956,Lula Lahfah,,,,,,,,
957,Lulu Elhasbu,,,,,,,,
958,Lulu Tobing,,,,,,,,
959,Luna Maya,,lunamaya,,,,,,
960,Lutesha Sadhewa,Lutesha,,,,,,,
961,Luthfi Aulia,,,,,,,,
962,Luthfi Hasan,,,,,,,,
963,Luthya Sury,,,,,,,,
964,M Pradana Budiarto,ditto,,,,,,,
965,M Rian Ardianto,,,,,,,,
966,Mada Emmanuel Brahmantyo,,,,,,,,
967,Mahfud MD,,mohmahfudmd,,,,,,
968,Maia Estianty,,maiaestiantyreal,,,,,,
969,Maizura,,,,,,,,
970,Malvin Saputra,,,,,,,,
971,Mamat Alkatiri,,,,,,,,
972,Mamiek Prakoso,,,,,,,,
973,Mandala Shoji,,,,,,,,
974,Mandra Naih,,,,,,,,
975,Manohara Odelia Pinot,,,,,,,,
976,Manoj Punjabi,,,,,,,,
977,Marcel Chandrawinata,,,,,,,,
979,Marcelino Refrand,,,,,,,,
980,Marcell Darwin,,,,,,,,
981,Marcell Siahaan,,,,,,,,
982,Marcella Febrianne H,,,,,,,,
983,Marcella Zalianty,,,,,,,,
984,Marcello Tahitoe,,,,,,,,
985,Marco Ivanos,,,,,,,,
986,Maria Calista,,,,,,,,
987,Maria Harfanti,,,,,,,,
988,Maria Selena,,,,,,,,
989,Maria Simorangkir,,,,,,,,
990,Marini Zumarnis,,,,,,,,
991,Mario Ginanjar,,,,,,,,
992,Mario Irwinsyah,,,,,,,,
993,Mario Latawata,,,,,,,,
994,Mario Teguh,,,,,,,,
995,Marion Jola,,lalamarionmj,,,,,,
996,Marissa Anita,,,,,,,,
997,Marissa Nasution,,,,,,,,
998,Mark Sungkar,,,,,,,,
999,Marsha Aruan,,,,,,,,
1000,Marsha Natika,,,,,,,,
1001,Marsha Tengker,,,,,,,,
1002,Marsha Timothy,,,,,,,,
1004,Marsson Starlight Jo,,,,,,,,
1005,Marthino Lio,,,,,,,,
1006,Martina Tesela,,,,,,,,
1007,Maruli Tampubolon,,,,,,,,
1008,Marzuki Mohammad,,,,,,,,
1009,Masayu Anastasia,,,,,,,,
1010,Masayu Clara,,,,,,,,
1011,Mat Drajat,,,,,,,,
1012,Mat Solar,,,,,,,,
1013,Mathias Muchus,,,,,,,,
1014,Maudy Ayunda,,,,,,,,
1015,Maudy Koesnaedi,,,,,,,,
1016,Mawar Eva De Jongh,,,,,,,,
1017,Maxime Bouttier,,,,,,,,
1018,Maya Septa,,,,,,,,
1019,Mayang Naomi,,,,,,,,
1020,Mayesa Hafsah Kirana,,,,,,,,
1021,Mayfree Syari,,,,,,,,
1022,Medina Zein,,,,,,,,
1023,Mega Iskanti,,megaiskanti,,,,,,
1024,Megan Domani,,,,,,,,
1025,Megawati Soekarnoputri,,,,,,,,
1026,Meidian Maladi,,,,,,,,
1027,Meisandria Guitara,,,,,,,,
1028,Meisya Siregar,,,,,,,,
1029,Meitha Thamrin,,,,,,,,
1030,Melanie Putria,,,,,,,,
1031,Melanie Ricardo,,,,,,,,
1032,Melayu Nicole,,,,,,,,
1033,Melayu Prima,,,,,,,,
1034,Melly goeslaw,,,,,,,,
1035,Melody Nurramdhani Laksani,,,,,,,,
1036,Melvin Lim,,,,,,,,
1037,Mentari De Marelle,,,,,,,,
1038,Mentari Novel,,,,,,,,
1039,Meriam Belina,,,,,,,,
1040,Merry Inggriany,,,,,,,,
1041,Merry Riana,,,,,,,,
1042,Metha Yunatria,,,,,,,,
1043,Metta Permadi,,,,,,,,
1044,Meutya Hafid,,,,,,,,
1045,Meyda Sefira,,,,,,,,
1046,Michael Prabawa Mohede,,,,,,,,
1047,Michael Tjandra,,,,,,,,
1048,Michella Adlen,,,,,,,,
1049,Michella Putri,,,,,,,,
1050,Michelle Joan,,,,,,,,
1051,Michelle Ziudith,,,,,,,,
1052,Mieke Amalia,,,,,,,,
1053,Mike Lewis,,,,,,,,
1054,Mikha Angelo,,,,,,,,
1055,Mikha Tambayong,,,,,,,,
1056,Mikhayla zalindra Bakrie,,,,,,,,
1057,Millen Cyrus,,,,,,,,
1058,Miller Ali,Miller Khan,,,,,,,
1059,Miqdad Addausy,,,,,,,,
1060,Mira Lesmana,,milesfilms,,,,,,
1061,Misellia Ikwan,,,,,,,,
1062,Misha Chandrawinata,,,,,,,,
1063,Mona Ratuliu,,,,,,,,
1064,Monita Lin,,,,,,,,
1065,Monita Tahalea,,,,,,,,
1066,Moonella Sunshine Jo,,,,,,,,
1067,Morgan Oey,,,,,,,,
1068,Mouly Surya,,,,,,,,
1069,Mudy Taylor,,,,,,,,
1070,Muhadjir Effendy,,,,,,,,
1071,Muhadkly Acho,,,,,,,,
1073,Muhammad Al Jufri,,,,,,,,
1074,muhammad Alphiandi,,,,,,,,
1075,Muhammad Arsy Widianto,,,,,,,,
1076,Muhammad Attamimi Halilintar,,,,,,,,
1077,Muhammad Azis,,,,,,,,
1078,Muhammad Devirzha,,,,,,,,
1079,Muhammad Fajar Nugraha,,,,,,,,
1080,Muhammad Ihsan Tarore,,,,,,,,
1081,Muhammad Putra Setia,,,,,,,,
1082,Muhammad Reza Anugrah,,,,,,,,
1083,Muhammad Rinko Safinka,,,,,,,,
1084,Muhammad Rizky Billar,,,,,,,,
1085,Muhammad Romahurmuziy,,,,,,,,
1086,Muhammad Sulaeman Harsono,Bolot,,,,,,,
1087,Muhammad Tulus,,,,,,,,
1088,Mulan Jameela,,,,,,,,
1089,Munira Agile,,,,,,,,
1090,Mytha Lestari,,,,,,,,
1091,Nabiela Piguna,,,,,,,,
1092,Nabila Gardena,,,,,,,,
1093,Nabila Hatifa,,,,,,,,
1094,Nabila Putri,,,,,,,,
1095,Nabila Syakieb,,,,,,,,
1096,Nabilah Ratna Ayu Azalia,,,,,,,,
1097,Nadia Soekarno,,,,,,,,
1098,Nadiem Makariem,,,,,,,,
1099,Nadila Ernesta,,,,,,,,
1100,Nadine Chandrawinata,,,,,,,,
1101,Nadira Adnan,,,,,,,,
1102,Nadiya Rawil,,,,,,,,
1103,Nadya Aqilla,,,,,,,,
1104,Nadya Fricella,,,,,,,,
1105,Nadya Hutagalung,,,,,,,,
1106,Nafa Urbach,,,,,,,,
1107,Nagita Slavina,,nagitaslavinaa1717,,,,,,
1108,Najwa Shihab,,,,,,,,
1109,Nana Mirdad,,,,,,,,
1110,Nanda Arsyinta,,,,,,,,
1111,Nani Widjaja,,,,,,,,
1112,Naomi Zaskia,,,,,,,,
1113,Narova Morina,,,,,,,,
1114,Nashwa Zahira,,,,,,,,
1115,Nasreen judge,,,,,,,,
1116,Nasrullah,Mat Solar,,,,,,,
1117,Nassar Fahad,,,,,,,,
1118,Nastusha Oliva Alinskie,,,,,,,,
1119,Nasya Marcella,,nasyamarcella,,,,,,
1120,Natasha Chairani,,,,,,,,
1121,Natasha Farani,,,,,,,,
1122,Natasha Rizky,,,,,,,,
1123,Natasha Ryder,,,,,,,,
1124,Natasha Vinski,,,,,,,,
1125,Natasha Wilona,,natashawilona12,,,,,,
1126,Naufal Samudra,,,,,,,,
1127,Naya Anindita,,,,,,,,
1128,Naysila Mirdad,,,,,,,,
1129,Nazril Ilham,Ariel Peterpan,,,,,,,
1130,Nella Kharisma,,,,,,,,
1131,Neno Warisman,,,,,,,,
1132,Nessie Judge,,,,,,,,
1133,Nia Daniaty,,,,,,,,
1134,Nia Dinata,,,,,,,,
1135,Nia Ramadhani,,,,,,,,
1136,Nia Zulkarnaen,,,,,,,,
1137,Nicholas Saputra,,,,,,,,
1138,Nicky Astria,,,,,,,,
1139,Nicky Tirta,,,,,,,,
1140,Nikita Mirzani,,,,,,,,
1141,Nikita Willy,,,,,,,,
1142,Nikki Frazetta,,,,,,,,
1143,Niko Al Hakim,,,,,,,,
1144,Nila Moeloek,,,,,,,,
1145,Niluh Djelantik,,,,,,,,
1146,Nimaz Dewantary,,,,,,,,
1147,Nina Zatulini,,,,,,,,
1149,Nino Fernandez,,,,,,,,
1150,Nirina Zubir,,,,,,,,
1151,Nisma Bahanan,,,,,,,,
1152,Nisya Saadia Ifat,,,,,,,,
1153,Nitya Shamdasani,,,,,,,,
1154,Nora Alexandra,,,,,,,,
1155,Novel Baswedan,,,,,,,,
1156,Novita Angie,,,,,,,,
1157,Nowela Elizabeth Auparay,,,,,,,,
1158,Nuri Maulida,,,,,,,,
1159,Nurul Arifin,,,,,,,,
1160,Nury Zhafira,,,,,,,,
1161,Nycta Gina,,,,,,,,
1163,Ochi Rosdiana,,,,,,,,
1164,Oded Danial,,,,,,,,
1165,Oka Antara,,,,,,,,
1166,Okan Cornelius,,,,,,,,
1167,Oki Setiana Dewi,,okisetianadewi,,,,,,
1169,Okky Lukman,,,,,,,,
1170,Oline Mendeng,,,,,,,,
1171,Olivia Jensen,,,,,,,,
1172,Olivia Lazuardy,,,,,,,,
1173,Olivia Zalianty,,,,,,,,
1174,Olla Ramlan,,,,,,,,
1175,Onadio Leonardo,,,,,,,,
1176,Once Mekel,,oncemekelofficial,,,,,,
1177,Oni syahrial,,,,,,,,
1178,Aunur Rofiq Lil Firdaus,Opick,,,,,,,
1179,Opie Kumis,,,,,,,,
1180,Osvaldo Rio,,,,,,,,
1181,Oxcerila Paryana,Oxcel,,,,,,,
1182,Pablo Benua,,,,,,,,
1183,Pamela Bowie,,,,,,,,
1184,Pandji Pragiwaksono,,,,,,,,
1185,Pandu Winoto,,,,,,,,
1186,Paramita Rusady,,,,,,,,
1187,Partika Subagyo,,,,,,,,
1188,Patricia Devina,,,,,,,,
1189,Patricia Gouw,,,,,,,,
1190,Patricia Yora,,,,,,,,
1191,Paula Verhouven,,paula_verhoeven,,,,,,
1192,Paulus Partohap,,,,,,,,
1193,Peggy Melati Sukma,,,,,,,,
1194,Petra Sihombing,,,,,,,,
1195,Pevita Pearce,,,,,,,,
1196,Pidi Baiq,,,,,,,,
1197,Pingkan Mambo,,,,,,,,
1198,Pipik Dian Irawati,,,,,,,,
1199,Pong Harjatmo,,,,,,,,
1200,Pongki Barata,,,,,,,,
1201,Poppy Bunga,,,,,,,,
1202,Poppy Sovia,,,,,,,,
1203,Prabowo Subianto,,,,,,,,
1204,Pramono Edhie,,,,,,,,
1205,Pratikno,,,,,,,,
1206,Prilly Latuconsina,,prillylatuconsina96,,,,,,
1207,Primus Yustisio,,,,,,,,
1208,Prisia Nasution,,,,,,,,
1209,Puadin Redi,,,,,,,,
1210,Puan Maharani,,,,,,,,
1211,Putra Aria Abu Jafar,Putra Uma,,,,,,,
1212,Putri Anne,,,,,,,,
1213,Putri Ayu,,,,,,,,
1214,Putri Ayudya,,_putriayudya,,,,,,
1215,Putri Marino,,,,,,,,
1216,Putri Titian,,,,,,,,
1217,Putri Una,,,,,,,,
1218,Putry Delina Andriany Sutisna,,,,,,,,
1219,Putu Bahagiana,,,,,,,,
1220,Qausar Harta,,,,,,,,
1221,Qori Sandioriva,,,,,,,,
1222,Rachel Amanda,,,,,,,,
1223,Rachel Goddard,,,,,,,,
1224,Rachel Maryam,,,,,,,,
1225,Rachel Octavia,,,,,,,,
1226,Rachel Vennya,,rachelvennya,,,,,,
1227,Rachman Avri,,,,,,,,
1228,Rachquel Nesia,,,,,,,,
1229,Raditya Dika,,raditya_dika,,,,,,
1230,Rafael Landry Tanubrata,,,,,,,,
1231,Raffi Ahmad,,,,,,,,
1232,Rafi Sanjaya,,,,,,,,
1233,Rahayu Saraswati,,,,,,,,
1234,Rahma Azhari,,,,,,,,
1235,Rahmania Astrini,,,,,,,,
1236,Raisa Andriana,Raisa,,,,,,,
1237,Raisya Olfat,,,,,,,,
1238,Raja Juli Antoni,,,,,,,,
1239,Raline Shah,,,,,,,,
1240,Ramzi Geys,,,,,,,,
1241,Randy Kjaernett,,,,,,,,
1242,Randy Martin,,,,,,,,
1243,Randy Pangalila,,,,,,,,
1245,Rangga Azof,,,,,,,,
1246,Rangga Dewamoela,,,,,,,,
1247,Rani Ramadhany,,,,,,,,
1248,Rano Karno,,si.rano,,,,,,
1249,Ranty Maria,,,,,,,,
1250,Ranty Purnamasari,,,,,,,,
1251,Raquel Katie,,,,,,,,
1252,Rara Febtarina,,,,,,,,
1253,Ratna Galih,,,,,,,,
1254,Raul Lemos,,,,,,,,
1255,Ray Sahetapy,,raysahetapy,,,,,,
1256,Rayi Putra,,rayiputra26,,,,,,
1257,Rayn Wijaya,,,,,,,,
1258,Rebbeca Tamara,,,,,,,,
1259,Rebecca Kloper,,,,,,,,
1260,Reggy Prabowo,,,,,,,,
1261,Regina Ivanova Polapa,,,,,,,,
1262,Reino Barack,,,,,,,,
1263,Renata Kusmanto,,,,,,,,
1264,Rendy Septino,,,,,,,,
1265,Renny Sutiyoso,,,,,,,,
1266,Resti Surtika,Aci Resti,,,,,,,
1267,Retno Lestari,,,,,,,,
1268,Reuben Nathaniel,,,,,,,,
1269,Revalina S Temat,,,,,,,,
1270,Revand Narya,,,,,,,,
1271,Revi Mariska,,,,,,,,
1272,Rey Utami,,,,,,,,
1273,Reynold Lawalata,,,,,,,,
1274,Reza Artamevia,,,,,,,,
1275,Reza Oktovian,,,,,,,,
1276,Reza Rahadian,,,,,,,,
1277,Rezky Aditya,,,,,,,,
1279,Rhoma Irama,,,,,,,,
1280,Ria Enes,,,,,,,,
1281,Ria Miranda,,,,,,,,
1282,Ria Ricis,,,,,,,,
1283,Ria Sarwono,,,,,,,,
1284,Ria Sukma Wijaya,,,,,,,,
1285,Ria Yunita,,,,,,,,
1286,Riafinola Infani Sari,,,,,,,,
1287,Rian Ekky Pradipta,,,,,,,,
1288,Rian Ernest,,,,,,,,
1289,Rianti Cartwright,,,,,,,,
1291,Rich Brian,,,,,,,,
1292,Richard Kyle,,richo_kyle,,,,,,
1293,Ricky Cuaca,,,,,,,,
1294,Ricky Harun,,,,,,,,
1295,Ricky Perdana,,,,,,,,
1296,Ridho Ilahi,,,,,,,,
1297,Ridho Rhoma,,,,,,,,
1298,Ridwan Hafidz,,,,,,,,
1299,Ridwan Kamil,,ridwankamil,,,,,,
1300,Rieke Diah Pitaloka,,,,,,,,
1301,Rieke Roslan,,,,,,,,
1302,Rieta Amilia Beta,,,,,,,,
1303,Rifka Martha,,,,,,,,
1304,Rifky Balweel,,,,,,,,
1305,Rima Melati,,,,,,,,
1306,Rina Diana,,,,,,,,
1307,Rina Gunawan,,,,,,,,
1308,Rina Nose,,,,,,,,
1309,Ringgo Agus,,ringgoagus,,,,,,
1310,Rini Fatimah,Syahrini,,,,,,,
1311,Rini Seomarno,,,,,,,,
1312,Rini Wulandari,,,,,,,,
1313,Rinni Wulandari,,,,,,,,
1314,Rinrin Marinka,,rinrinmarinka,,,,,,
1315,Rio Dewanto,,,,,,,,
1316,Rio Febrian,,,,,,,,
1317,Rio Haryanto,,,,,,,,
1318,Riri Riza,,rizariri,,,,,,
1319,Ririn Dwi Arianti,,,,,,,,
1320,Ririn Dwi Ariyanti,,,,,,,,
1321,Risa Saraswati,,,,,,,,
1322,Risty Tagor,,,,,,,,
1324,Riza Shahab,,,,,,,,
1325,Riza Syah,,,,,,,,
1326,Rizal Mantovani,,,,,,,,
1327,Rizal Ramli,,,,,,,,
1328,Rizky Alatas,,,,,,,,
1329,Rizky Febian,,"rizkyfbian, gallery_iky",,,,,,
1330,Rizky Hanggono,,,,,,,,
1331,Rizky Kinos,,,,,,,,
1332,Rizky Nazar,,,,,,,,
1333,Robby Purba,,,,,,,,
1334,Rocky Gerung,,rocky.gerung,,,,,,
1335,Roger Danuarta,,,,,,,,
1336,Romy Rafael,,,,,,,,
1337,Ronal Surapradja,,rocknal,,,,,,
1338,Rony Antonius,,,,,,,,
1339,Rosiana Dewi,,,,,,,,
1340,Rosiana Silalahi,,,,,,,,
1341,Rossa Handayani,,,,,,,,
1342,Roy Kiyoshi,,,,,,,,
1343,Roy Marten,,,,,,,,
1344,Roy Suryo,,,,,,,,
1345,Ruben Onsu,,ruben.onsu,,,,,,
1346,Rudi Rubiandini,,,,,,,,
1347,Rudi Soedjarwo,,,,,,,,
1348,Rudiantara,,,,,,,,
1349,Rudy Salim,,,,,,,,
1350,Rudy Wowor,,,,,,,,
1351,Ruth Sahanaya,,,,,,,,
1352,Ryamizard Ryacudu,,,,,,,,
1353,Ryan Delon,,tail_wagging,,,,,,
1354,Ryana Dea,,,,,,,,
1355,Sabai Morscheck,,,,,,,,
1356,Sabrang Mowo,,,,,,,,
1357,Sabrina Sameh,,,,,,,,
1358,Sacha Stevenson,,,,,,,,
1359,Sadana Agung,,,,,,,,
1360,Sahila Hisyam,,,,,,,,
1361,Sahira Anjani,,,,,,,,
1362,Sahrul Gunawan,,,,,,,,
1363,Said Aqil Siradj,,,,,,,,
1364,Saipul Jamil,,,,,,,,
1365,Sakdiyah Ma'ruf,,,,,,,,
1366,Saleh Husin,,,,,,,,
1367,Salim A. Fillah,,,,,,,,
1368,Salim Segaf,,,,,,,,
1369,Salmafina Sunan,Salmafina,,,,,,,
1370,Salshabilla Adriani,,salshabillaadr,,,,,,
1371,Salvita Decorte,,,,,,,,
1372,Sam Brodie,,,,,,,,
1373,Samijan Kasela,Samijan,,,,,,,
1374,Sammy Simorangkir,,,,,,,,
1375,Samuel Rizal,,,,,,,,
1376,Samuel Zylgwyn,,,,,,,,
1377,Sandhy Sondoro,,,,,,,,
1378,Sandiaga Uno,,sandiuno,,,,,,
1379,Sandra D Lubis,,,,,,,,
1380,Sandra Dewi,,sandradewi88,,,,,,
1381,Sandrinna Michelle,,,,,,,,
1382,Sandy Sandoro,,,,,,,,
1383,Sandy Tumiwa,,,,,,,,
1384,Sarah Alana Gibson,,,,,,,,
1385,Sarah Ayu,,,,,,,,
1386,Sarah Azhari,,,,,,,,
1387,Sarah Sechan,,sarsehshoku,,,,,,
1388,Sarah Shafitri,,,,,,,,
1389,Sarah Tria Monita,,,,,,,,
1390,Sarah Wijayanto,,,,,,,,
1391,Sari Endah Pratiwi,,,,,,,,
1392,Sarita Abdul Mukti,,,,,,,,
1393,Sarwendah Tan,,sarwendah29,,,,,,
1394,Sasya Ailee,,,,,,,,
1395,Satriaddin Maharinga Djongki,Arie Kriting,,,,,,,
1396,Selena Alesandra,,,,,,,,
1397,Seraldi,,,,,,,,
1398,Sere Kalina,,,,,,,,
1399,Seto Mulyadi,,,,,,,,
1400,Setya Novanto,,,,,,,,
1401,Shafa Harris,,,,,,,,
1402,Shafira Umm,,,,,,,,
1403,Shaloom Razade,,,,,,,,
1404,Shandy Aulia,,,,,,,,
1406,Shania Junianatha,,,,,,,,
1407,Shania Salsabila,,,,,,,,
1408,Shareefa Daanish,,shareefadaanish,,,,,,
1409,Sharena Delon,,mrssharena,,,,,,
1410,Sharena Gunawan,,,,,,,,
1411,Sharrena Gunawan,,,,,,,,
1412,Shawn Adrian,,,,,,,,
1413,Sheila Alexander,,,,,,,,
1414,Sheila Dara Aisha,,,,,,,,
1415,Sheila Marcia,,,,,,,,
1416,Shelomita Diah,,,,,,,,
1417,Sherina Munaf,Sherina,,,,,,,
1418,Sheryl Sheinafia,,,,,,,,
1419,Sheza Idris,,,,,,,,
1420,Shezy Idris,,,,,,,,
1421,Shireen Sungkar,,shireensungkar,,,,,,
1422,Shirin Al Athrus,,,,,,,,
1423,Sigi Wimala,,,,,,,,
1424,Sigit Purnomo,,,,,,,,
1426,Silvia Damayanti,Kamaya,,,,,,,
1427,Silvia Halim,,,,,,,,
1428,Sindy Havresthino,,,,,,,,
1429,Sinta Sri Antan,,,,,,,,
1430,Sisilia Ora,,,,,,,,
1431,Sissy Priscillia,,,,,,,,
1432,Siti Anizah,,,,,,,,
1433,Siti Badriah,,,,,,,,
1434,Siti Hafar Raihaanun,,,,,,,,
1435,Siti Nurbaya Bakar,,,,,,,,
1436,Sivia Azizah,,,,,,,,
1437,Slamet Rahardjo,,,,,,,,
1438,Sofyan Djalil,,,,,,,,
1439,Sogi Indra Dhuaja,,,,,,,,
1440,Sohibul Iman,,,,,,,,
1441,Soimah Pancawati,,,,,,,,
1443,Soleh Solihun,,solehsolihun,,,,,,
1444,Sonia Fergina,,,,,,,,
1445,Sonya Pandarmawan,,,,,,,,
1446,Sophia Latjuba,,,,,,,,
1447,Sozanolo Krisnanjaya Harefa,,,,,,,,
1448,Sri Mulyani Indrawati,,,,,,,,
1449,Stanislaus Alexander Liauw Delon Thamrin,Delon,,,,,,,
1450,Stefan Wiliam,,,,,,,,
1451,Stefany Talita,,,,,,,,
1452,Steffi Zamora,,,,,,,,
1453,Stephanie Poetri,,stephaniepoetri,,,,,,
1454,Stephanie Rose P,,,,,,,,
1455,Stevani Nepa,,,,,,,,
1456,Steve Emanuel,,,,,,,,
1457,Stuart Collin,,,,,,,,
1458,Suci Utami,,,,,,,,
1459,Sudirman Said,,,,,,,,
1460,Suhay Salim,,,,,,,,
1461,Sujiwo Tejo,,,,,,,,
1462,Sunan Kalijaga,,,,,,,,
1463,Haji Sunarji,Narji,,,,,,,
1464,Surkianih,Zaskia Gotik,,,,,,,
1465,Surya Sahetapy,,,,,,,,
1466,Surya Saputra,,,,,,,,
1467,Suryadharma Ali,,,,,,,,
1468,Suryadi Ishaq,Yadi Sembako,,,,,,,
1469,Susi Pudjiastuti,,susipudjiastuti115,,,,,,
1470,Susi Susanti,,,,,,,,
1471,Susilo Bambang Yudhoyono,,,,,,,,
1472,Sutan Pinayungan Simatupang,,,,,,,,
1473,Sutarno,Pak Tarno,,,,,,,
1474,Sutiyoso,,,,,,,,
1475,Syahbudin Syukur,Budi Doremi,,,,,,,
1476,Syahnaz Sadiqah,,,,,,,,
1477,Syakir Daulay,,,,,,,,
1478,Syamsir Alam,,,,,,,,
1479,Syanindita Trasysty Syswanto,,,,,,,,
1480,Syifa Hadju,,syifahadjureal,,,,,,
1481,Sylvia Fully,,,,,,,,
1482,Talita Latif,,,,,,,,
1483,Tamara Bleszynski,,,,,,,,
1484,Tamara Geraldine,,,,,,,,
1485,Tamara Tyasmara,,,,,,,,
1486,Tanta Ginting,,,,,,,,
1487,Tantowi Yahya,,,,,,,,
1488,Tantri Syalindri,,,,,,,,
1489,Tara Basro,,,,,,,,
1490,Tarra Budiman,,,,,,,,
1491,Tasya Farasya,,,,,,,,
1492,Tasya Kamila,,,,,,,,
1493,Tasyi Athasyia,,,,,,,,
1494,Tata Janeta,,,,,,,,
1495,Tatjana Saphira,,,,,,,,
1496,Taufik Hidayat,,taufikhidayatofficial,,,,,,
1497,Temmy Rahadi,,,,,,,,
1498,Tessa Kaunang,,,,,,,,
1499,Teuku Adifitrian,Tompi,,,,,,,
1500,Teuku Rassya,,,,,,,,
1501,Teuku Rifnu Wikana,,,,,,,,
1502,Teuku Ryzky,,,,,,,,
1503,Teuku Wisnu,,teukuwisnu,,,,,,
1504,Teza Sumendra,,,,,,,,
1505,Tia Ivanka,,,,,,,,
1506,Tiara Pangestika,,,,,,,,
1507,Tiara Westlake,,,,,,,,
1508,Tifatul Sembiring,,,,,,,,
1509,Tika Bravani,,,,,,,,
1510,Tika Panggabean,,botikapanggabean,,,,,,
1511,Tike Priatnakusumah,,,,,,,,
1512,Timo Tjahjanto,,,,,,,,
1513,Tina Toon,,,,,,,,
1514,Tio Pakusadewo,,,,,,,,
1515,Tissa Biani,,,,,,,,
1516,Titan Tyra,,,,,,,,
1517,Titania Aurelie Hermansyah,,,,,,,,
1518,Titi Dwi Jayati,,,,,,,,
1520,Titi Kamal,,titi_kamall,,,,,,
1521,Titi Rajo Bintang,,,,,,,,
1522,Titiek Puspa,,,,,,,,
1523,Tito Karnavian,,,,,,,,
1524,Tiwi Prastiwi,,,,,,,,
1525,Tjahjo Kumolo,,,,,,,,
1526,Tobias Justin,,,,,,,,
1527,Tommy Kurniawan,,,,,,,,
1529,Tommy Lim,,,,,,,,
1530,Tommy Tjokro,,,,,,,,
1531,Tomy Babap,,,,,,,,
1532,Tontowi Ahmad,,,,,,,,
1533,Tora Sudiro,,,,,,,,
1534,Toto Muryadi,,,,,,,,
1535,Tri Retno Prayudati,Nunung,,,,,,,
1536,Tri Rismaharini,,tri.rismaharini,,,,,,
1537,Triawan Munaf,,triawanmunaf,,,,,,
1538,Tsamara Amany,,,,,,,,
1539,Tsania Marwa,,,,,,,,
1540,Tukul Arwana,,,,,,,,
1541,Twinda Larasati,,,,,,,,
1542,twindy Rarasati,,,,,,,,
1543,Tya Ariestya,,,,,,,,
1544,Tya Arifin,,,,,,,,
1545,Tyas Mirasih,,,,,,,,
1546,Uli Auliani,,,,,,,,
1547,Umay Shahab,,,,,,,,
1549,Upi Avianto,,,,,,,,
1550,Usama,,,,,,,,
1551,Usnan Batubara,Ucok Baba,,,,,,,
1552,Ussy Sulistiawati,,,,,,,,
1553,Uya Kuya,,,,,,,,
1554,Valerie Krasnadewi,,,,,,,,
1555,Valerie Thomas,,,,,,,,
1556,Valerie Tifanka,,,,,,,,
1557,Vanesha Prescilla,,,,,,,,
1558,Vanessa Angel,,,,,,,,
1559,Vania Athabina,,,,,,,,
1560,Vania Fitryanti Herlambang,,,,,,,,
1561,vania larissa,,,,,,,,
1562,Vanya Qinthara,,,,,,,,
1563,Vebby Palwinta,,,,,,,,
1564,Vega Darwanti,,,,,,,,
1565,Velove Vexia,,,,,,,,
1566,Venna Melinda,,,,,,,,
1567,Vennya Adisuryo,,,,,,,,
1568,Verdi Solaiman,,verdisolaiman,,,,,,
1569,Verdy Bhawanta,,,,,,,,
1570,Veronika Krasnasari,,,,,,,,
1571,Verrell Bramasta,,,,,,,,
1572,Via Vallen,,,,,,,,
1573,Vicky Nitinegoro,,,,,,,,
1574,Vicky Prasetyo,,,,,,,,
1575,Vidi Aldiano,,vidialdiano,,,,,,
1576,Vikri Rasta,,,,,,,,
1577,Vina Panduwinata,,,,,,,,
1578,Vincent Raditya,,vincentraditya,,,,,,
1579,Vincent Ryan Rompies,,,,,,,,
1580,Vindy Harfrida,,,,,,,,
1581,Vinessa Ladiatry Lileka,,,,,,,,
1582,Vinna Gracia,,,,,,,,
1583,Vino G Bastian,,,,,,,,
1584,Virgoun Putra Tambunan,,,,,,,,
1585,Virgy Megananda,,,,,,,,
1586,Virnie Ismail,,,,,,,,
1587,Vivi Zubedi,,,,,,,,
1588,Volland Volt,,,,,,,,
1589,Vonny Cornelia,,,,,,,,
1590,Wafda Saifan,,,,,,,,
1591,Wanda Hamidah,,,,,,,,
1592,Wendy Armoko,,,,,,,,
1593,Wewey Wita,,,,,,,,
1594,Whulandary Herman,,,,,,,,
1595,Widi Mulia,,widimulia,,,,,,
1596,Widy Soediro N,,,,,,,,
1597,Widyawati,,,,,,,,
1598,Wijaya Saputra,,,,,,,,
1599,Wilda Octaviana Situngkir,,,,,,,,
1600,Wildan Delta,Kiwil,,,,,,,
1601,WIlliam Tanuwijaya,,,,,,,,
1602,Willy Dozan,,,,,,,,
1603,Wilson Simon Maiseka,,,,,,,,
1604,Winda Viska,,,,,,,,
1605,Winky Wiryawan,,,,,,,,
1606,Wiranto,,,,,,,,
1607,Wirda Mansyur,,,,,,,,
1608,Wishnutama Kusubandio,Wishnutama,,,,,,,
1609,Wulan Guritno,,,,,,,,
1610,Yadi Timo,,,,,,,,
1611,Yafi Tesa,,,,,,,,
1612,Yama Carlos,,,,,,,,
1613,Yandy Laurens,,,,,,,,
1614,Yasa Paramita Singgih,,,,,,,,
1615,Yasmin Safira Napper,,,,,,,,
1616,Yasmine Wildblood,,,,,,,,
1617,Yasonna Laoly,,,,,,,,
1618,Yayan Ruhian,,,,,,,,
1619,Yayu Unru,,,,,,,,
1620,Yenny Wahid,,,,,,,,
1621,Yeshua Abraham,,,,,,,,
1622,Yeslin Wang,,,,,,,,
1623,Yoga Arizona,,,,,,,,
1624,Yoga Pratama,,,,,,,,
1625,Yoga Saputra,Olga,,,,,,,
1626,Yogi Finanda,,,,,,,,
1627,Yogie Tan,,,,,,,,
1628,Yoriko Angeline,,,,,,,,
1629,Yoshi Sudarso,,,,,,,,
1630,Yosi Mokalu,,,,,,,,
1631,Young Lex,,,,,,,,
1632,Yovie Widianto,,,,,,,,
1633,Yuanita Christiani,,,,,,,,
1634,Yuka Tamada,,,,,,,,
1635,Yuki Kato,,,,,,,,
1636,Yuni Shara,,,,,,,,
1637,Yura Yunita,,,,,,,,
1638,Yusril Ihza Mahendra,,yusrilihzamhd,,,,,,
1639,Yusuf Mahardika,,,,,,,,
1640,Yusuf Mansyur,,,,,,,,
1641,Zack Lee,,,,,,,,
1642,Zacky Zimah,,,,,,,,
1643,Zahratul Jannah,,,,,,,,
1644,Zainal Abidin,,,,,,,,
1645,Zainul Majdi,Tuan Guru Bajang,,,,,,,
1646,Zaskia Adya Mecca,,zaskiaadyamecca,,,,,,
1647,Zaskia Sungkar,,zaskiasungkar15,,,,,,
1648,Zee zee Shahab,,,,,,,,
1649,Zhavanya Meidi,,,,,,,,
1650,Zivanna Letisha,,,,,,,,
1651,Zoe Abbas Jackson,,,,,,,,
1652,Zulfa Maharani,,zulfa maharani,,,,,,
1653,Zulkifli Hasan,,,,,,,,
1654,Zumi Zola,,,,,,,,
