"#TypeYourNameHere, luqmanr, autumn_yo26"
"#TypeYourNameHere, luqmanr, tyogotest"
"#TypeYourNameHere, luqmanr, adechintya_p"
"#TypeYourNameHere, luqmanr, bungaasstitty"
"#TypeYourNameHere, luqmanr, mirarizkik"
"#TypeYourNameHere, luqmanr, iscaamanda"
"#TypeYourNameHere, luqmanr, fajarnugrah.a"
"#TypeYourNameHere, luqmanr, tyogo_utomo"
"#TypeYourNameHere, luqmanr, arhamism"
"#TypeYourNameHere, luqmanr, raissaazr"
"#TypeYourNameHere, luqmanr, ia_gpln"
"#TypeYourNameHere, luqmanr, haninrialsa"
"#TypeYourNameHere, luqmanr, skjhn"
"#TypeYourNameHere, luqmanr, rezanovdc"
"#TypeYourNameHere, luqmanr, nabilafajmi"
"#TypeYourNameHere, luqmanr, dealiyazhar"
"#TypeYourNameHere, luqmanr, artatravelagent"
"#TypeYourNameHere, luqmanr, samuelaswin"
"#TypeYourNameHere, luqmanr, qisthina.s"
"#TypeYourNameHere, luqmanr, tnanesa"
"#TypeYourNameHere, luqmanr, bim.indonesia"
"#TypeYourNameHere, luqmanr, luqhid"
"#TypeYourNameHere, luqmanr, cindytantia"
"#TypeYourNameHere, luqmanr, mirlocojo"
"#TypeYourNameHere, luqmanr, riakribo"
"#TypeYourNameHere, luqmanr, rahayuretnaningrum"
"#TypeYourNameHere, luqmanr, sasadhara"
"#TypeYourNameHere, luqmanr, rmonixx"
"#TypeYourNameHere, luqmanr, paijositumeang"
"#TypeYourNameHere, luqmanr, micheletotaro458"
"#TypeYourNameHere, luqmanr, creepyc0ol"
"#TypeYourNameHere, luqmanr, seterhenakbar"
"#TypeYourNameHere, luqmanr, micheletotaro456"
"#TypeYourNameHere, luqmanr, has_bidiq"
"#TypeYourNameHere, luqmanr, arifznurfauzan"
"#TypeYourNameHere, luqmanr, tolakplastik__"
"#TypeYourNameHere, luqmanr, audyaf"
"#TypeYourNameHere, luqmanr, faustokeiluhu"
"#TypeYourNameHere, luqmanr, rahard"
"#TypeYourNameHere, luqmanr, sarmai"
"#TypeYourNameHere, luqmanr, chielz_bacil"
"#TypeYourNameHere, luqmanr, mcoremusic"
"#TypeYourNameHere, luqmanr, htmahuda.p"
"#TypeYourNameHere, luqmanr, taofikrifai"
"#TypeYourNameHere, luqmanr, pinch.ai"
"#TypeYourNameHere, luqmanr, cindy.pmatasari"
"#TypeYourNameHere, luqmanr, imissthesky"
"#TypeYourNameHere, luqmanr, jeremiejuanito"
"#TypeYourNameHere, luqmanr, heartless_insomniaofficial"
"#TypeYourNameHere, luqmanr, amsoamole"
"#TypeYourNameHere, luqmanr, auliamrcht"
"#TypeYourNameHere, luqmanr, yasmininrhsnh"
"#TypeYourNameHere, luqmanr, azzolamm"
"#TypeYourNameHere, luqmanr, abdulkaelani"
"#TypeYourNameHere, luqmanr, khaerullukman"
"#TypeYourNameHere, luqmanr, arisetia.m84"
"#TypeYourNameHere, luqmanr, rezabonugraha"
"#TypeYourNameHere, luqmanr, livixlim"
"#TypeYourNameHere, luqmanr, ibipuppy"
"#TypeYourNameHere, luqmanr, joshaiepfarro"
"#TypeYourNameHere, luqmanr, rennyamantha"
"#TypeYourNameHere, luqmanr, _widibiw_"
"#TypeYourNameHere, luqmanr, ditaoktaria"
"#TypeYourNameHere, luqmanr, oryzandii"
"#TypeYourNameHere, luqmanr, irvanapriliawan"
"#TypeYourNameHere, luqmanr, shawnashmore11"
"#TypeYourNameHere, luqmanr, afifsonne"
"#TypeYourNameHere, luqmanr, soccaindustries"
"#TypeYourNameHere, luqmanr, bernharddwi"
"#TypeYourNameHere, luqmanr, angginditadw"
"#TypeYourNameHere, luqmanr, _yasmijn"
"#TypeYourNameHere, luqmanr, wendiprototype"
"#TypeYourNameHere, luqmanr, salmanikhsan"
"#TypeYourNameHere, luqmanr, rizkigilangp"
"#TypeYourNameHere, luqmanr, naufaldwikurniawan"
"#TypeYourNameHere, luqmanr, vira_games"
"#TypeYourNameHere, luqmanr, startartid"
"#TypeYourNameHere, luqmanr, vici.music"
"#TypeYourNameHere, luqmanr, tony_wij"
"#TypeYourNameHere, luqmanr, larasarume"
"#TypeYourNameHere, luqmanr, ankedewiratnakania"
"#TypeYourNameHere, luqmanr, ayalamaghfira"
"#TypeYourNameHere, luqmanr, vitasiswanto"
"#TypeYourNameHere, luqmanr, levy.aninditio"
"#TypeYourNameHere, luqmanr, get.5ooo.instafans.now"
"#TypeYourNameHere, luqmanr, jyanka"
"#TypeYourNameHere, luqmanr, monstropl"
"#TypeYourNameHere, luqmanr, something2_publisher"
"#TypeYourNameHere, luqmanr, sonko_kong"
"#TypeYourNameHere, luqmanr, letsmein"
"#TypeYourNameHere, luqmanr, sokloth"
"#TypeYourNameHere, luqmanr, risalasis"
"#TypeYourNameHere, luqmanr, izzuddindotkom"
"#TypeYourNameHere, luqmanr, nadia.aninkarnadi"
"#TypeYourNameHere, luqmanr, sweetchiel"
"#TypeYourNameHere, luqmanr, ffadelmr"
"#TypeYourNameHere, luqmanr, bo0st__foll0wers__onig"
"#TypeYourNameHere, luqmanr, apawitan"
"#TypeYourNameHere, luqmanr, yanmirwan2016"
"#TypeYourNameHere, luqmanr, barlieuy"
"#TypeYourNameHere, luqmanr, angggafauzan"
"#TypeYourNameHere, luqmanr, normans_1000"
"#TypeYourNameHere, luqmanr, nysaayna"
"#TypeYourNameHere, luqmanr, nik_hagialas"
"#TypeYourNameHere, luqmanr, ssenandung"
"#TypeYourNameHere, luqmanr, kebabmisba"
"#TypeYourNameHere, luqmanr, alenmadi"
"#TypeYourNameHere, luqmanr, denayeah"
"#TypeYourNameHere, luqmanr, regina.elvina"
"#TypeYourNameHere, luqmanr, pihu_ana"
"#TypeYourNameHere, luqmanr, winadea"
"#TypeYourNameHere, luqmanr, darianlie"
"#TypeYourNameHere, luqmanr, febyzainab"
"#TypeYourNameHere, luqmanr, roovyjack"
"#TypeYourNameHere, luqmanr, coretanuzi"
"#TypeYourNameHere, luqmanr, robin_pandalicious"
"#TypeYourNameHere, luqmanr, bidsclub"
"#TypeYourNameHere, luqmanr, vinasiswanto"
"#TypeYourNameHere, luqmanr, ferquillo.store"
"#TypeYourNameHere, luqmanr, puteriesther"
"#TypeYourNameHere, luqmanr, _livre_se"
"#TypeYourNameHere, luqmanr, zulbda"
"#TypeYourNameHere, luqmanr, hafizh.adi"
"#TypeYourNameHere, luqmanr, senimanlucu"
"#TypeYourNameHere, luqmanr, loyal_fur"
"#TypeYourNameHere, luqmanr, marisadina"
"#TypeYourNameHere, luqmanr, arsyrina"
"#TypeYourNameHere, luqmanr, savash.7"
"#TypeYourNameHere, luqmanr, liviazefanya"
"#TypeYourNameHere, luqmanr, wahgawat"
"#TypeYourNameHere, luqmanr, sarangmandraguna"
"#TypeYourNameHere, luqmanr, raditiarahmataulia"
"#TypeYourNameHere, luqmanr, am_hermanadi"
"#TypeYourNameHere, luqmanr, spiritual_x_warfare"
"#TypeYourNameHere, luqmanr, m.damar_a.p"
"#TypeYourNameHere, luqmanr, escapetheportals.gaspard"
"#TypeYourNameHere, luqmanr, dragseal"
"#TypeYourNameHere, luqmanr, adam_duff_lucidpixul"
"#TypeYourNameHere, luqmanr, gastonnyart"
"#TypeYourNameHere, luqmanr, lalanarita"
"#TypeYourNameHere, luqmanr, gadingyangretak"
"#TypeYourNameHere, luqmanr, sandjpictureperfect"
"#TypeYourNameHere, luqmanr, gleb1758"
"#TypeYourNameHere, luqmanr, raiderfryink"
"#TypeYourNameHere, luqmanr, learnarthistory"
"#TypeYourNameHere, luqmanr, ritaisari"
"#TypeYourNameHere, luqmanr, ilmaleviyanza"
"#TypeYourNameHere, luqmanr, fairiana"
"#TypeYourNameHere, luqmanr, pandamadu"
"#TypeYourNameHere, luqmanr, kaumpinggiran_"
"#TypeYourNameHere, luqmanr, amaliaweny"
"#TypeYourNameHere, luqmanr, pjscrafts"
"#TypeYourNameHere, luqmanr, atikribo"
"#TypeYourNameHere, luqmanr, condrondondo"
"#TypeYourNameHere, luqmanr, an.tan.ton"
"#TypeYourNameHere, luqmanr, fsrditb2012"
"#TypeYourNameHere, luqmanr, pandu.asia"
"#TypeYourNameHere, luqmanr, rataminy"
"#TypeYourNameHere, luqmanr, hansaneh"
"#TypeYourNameHere, luqmanr, bimawithpencil"
"#TypeYourNameHere, luqmanr, triyadwi"
"#TypeYourNameHere, luqmanr, frasamedia"
"#TypeYourNameHere, luqmanr, viciousphoenix"
"#TypeYourNameHere, luqmanr, rikaylna"
"#TypeYourNameHere, luqmanr, billybrenly"
"#TypeYourNameHere, luqmanr, cyano_bacter"
"#TypeYourNameHere, luqmanr, friskamalia"
"#TypeYourNameHere, luqmanr, moul10"
"#TypeYourNameHere, luqmanr, bayhaki8823"
"#TypeYourNameHere, luqmanr, mrusyanyasin"
"#TypeYourNameHere, luqmanr, ruqiahdraws"
"#TypeYourNameHere, luqmanr, catshooman"
"#TypeYourNameHere, luqmanr, celetukomik"
"#TypeYourNameHere, luqmanr, na_zundaro"
"#TypeYourNameHere, luqmanr, tokhichi"
"#TypeYourNameHere, luqmanr, freeing_id"
"#TypeYourNameHere, luqmanr, _rikiceratops"
"#TypeYourNameHere, luqmanr, wirawanaldy"
"#TypeYourNameHere, luqmanr, faaristo"
"#TypeYourNameHere, luqmanr, cyrusers"
"#TypeYourNameHere, luqmanr, danirichman"
"#TypeYourNameHere, luqmanr, ianbrilianto"
"#TypeYourNameHere, luqmanr, alpindolphin"
"#TypeYourNameHere, luqmanr, bandach4_rock"
"#TypeYourNameHere, luqmanr, xfathur"
"#TypeYourNameHere, luqmanr, laksmi.p"
"#TypeYourNameHere, luqmanr, yosiaraduck"
"#TypeYourNameHere, luqmanr, taniananta"
"#TypeYourNameHere, luqmanr, cikpan"
"#TypeYourNameHere, luqmanr, chandrikand"
"#TypeYourNameHere, luqmanr, thepathunwinding"
"#TypeYourNameHere, luqmanr, raisacecilia"
"#TypeYourNameHere, luqmanr, narendrabintaraadi"
"#TypeYourNameHere, luqmanr, nalnilnulnelnol"
"#TypeYourNameHere, luqmanr, deazalia"
"#TypeYourNameHere, luqmanr, white_noise_inc"
"#TypeYourNameHere, luqmanr, charissa_sj"
"#TypeYourNameHere, luqmanr, atikadr9"
"#TypeYourNameHere, luqmanr, kikisukajalan2"
"#TypeYourNameHere, luqmanr, yyobbi"
"#TypeYourNameHere, luqmanr, noormalita"
"#TypeYourNameHere, luqmanr, ahemnajib"
"#TypeYourNameHere, luqmanr, bonaputro"
"#TypeYourNameHere, luqmanr, gwear_co"
"#TypeYourNameHere, luqmanr, lalondecest"
"#TypeYourNameHere, luqmanr, hanifmuhammad0"
"#TypeYourNameHere, luqmanr, adyset"
"#TypeYourNameHere, luqmanr, adoraswyn21dir_sifann"
"#TypeYourNameHere, luqmanr, arum_poe84"
"#TypeYourNameHere, luqmanr, satriadilukas"
"#TypeYourNameHere, luqmanr, andietaoctaria"
"#TypeYourNameHere, luqmanr, danangwiratama"
"#TypeYourNameHere, luqmanr, kharismasania"
"#TypeYourNameHere, luqmanr, heybyyl"
"#TypeYourNameHere, luqmanr, fadelmr_"
"#TypeYourNameHere, luqmanr, mochbudi"
"#TypeYourNameHere, luqmanr, noviangelang"
"#TypeYourNameHere, luqmanr, a_lost_deer"
"#TypeYourNameHere, luqmanr, irhamswt"
"#TypeYourNameHere, luqmanr, vanessaysf"
"#TypeYourNameHere, luqmanr, ledadevani"
"#TypeYourNameHere, luqmanr, rachelajeng"
"#TypeYourNameHere, luqmanr, rvarfi"
"#TypeYourNameHere, luqmanr, ippdig"
"#TypeYourNameHere, luqmanr, tania.andini"
"#TypeYourNameHere, luqmanr, namirabening"
"#TypeYourNameHere, luqmanr, elmandra.s"
"#TypeYourNameHere, luqmanr, dewiretnopertiwi"
"#TypeYourNameHere, luqmanr, yomagentha"
"#TypeYourNameHere, luqmanr, hazimmzh"
"#TypeYourNameHere, luqmanr, safarnamaica"
"#TypeYourNameHere, luqmanr, meithaanindya"
"#TypeYourNameHere, luqmanr, nerelysia"
"#TypeYourNameHere, luqmanr, wastanahaikal"
"#TypeYourNameHere, luqmanr, akihirashidehara"
"#TypeYourNameHere, luqmanr, adilaaaf"
"#TypeYourNameHere, luqmanr, brampayo"
"#TypeYourNameHere, luqmanr, adrianem45"
"#TypeYourNameHere, luqmanr, kikyouky"
"#TypeYourNameHere, luqmanr, irvanaprlwn"
"#TypeYourNameHere, luqmanr, hifzhanr"
"#TypeYourNameHere, luqmanr, deadeidra"
"#TypeYourNameHere, luqmanr, afifaradhina"
"#TypeYourNameHere, luqmanr, dekderr"
"#TypeYourNameHere, luqmanr, farizrianputra"
"#TypeYourNameHere, luqmanr, maulidikarhadi"
"#TypeYourNameHere, luqmanr, asepwahyu98"
"#TypeYourNameHere, luqmanr, nualtrioda"
"#TypeYourNameHere, luqmanr, aliyarahmamira"
"#TypeYourNameHere, luqmanr, b.imbalo"
"#TypeYourNameHere, luqmanr, aldaamelinda"
"#TypeYourNameHere, luqmanr, baguseprot"
"#TypeYourNameHere, luqmanr, arnoldfebrian"
"#TypeYourNameHere, luqmanr, ichasyahreni"
"#TypeYourNameHere, luqmanr, nsatrioaji"
"#TypeYourNameHere, luqmanr, the.fall.is.all.we.know"
"#TypeYourNameHere, luqmanr, gazzasyahmega"
"#TypeYourNameHere, luqmanr, ahmadrhesa__"
"#TypeYourNameHere, luqmanr, syftrf"
"#TypeYourNameHere, luqmanr, adindii"
"#TypeYourNameHere, luqmanr, __leanshady__"
"#TypeYourNameHere, luqmanr, dimasbestari"
"#TypeYourNameHere, luqmanr, dwi_dimas"
"#TypeYourNameHere, luqmanr, arvinchs"
"#TypeYourNameHere, luqmanr, elmoaryaputra"
"#TypeYourNameHere, luqmanr, violapermadi"
"#TypeYourNameHere, luqmanr, andy_apih"
"#TypeYourNameHere, luqmanr, gotato"
