username,nama asli
otkoil,1
ferdirivahamzah,2
franki.indrasmoro,3
rmlegoh,4
pritttimothy_,5
apriliamanganang_,6
amasyamanganang,7
saebahwulan16,8
jonatanchristieofficial,9
sinisukanthony,10
rchelcia,11
kevin_sanjaya,12
marcusfernaldig,13
devitakrisanti,14
solehsolihun,15
jokoanwar,16
andiyudhamio,17
myrakiriyuu,18
girinugroho,19
st.hikmawatty,20
vincentraditya,21
andreasivann,22
andhikaps15,23
asriinurd,24
riofwilantara,25
ismanhs,26
adeirra,27
marthin_pira,28
damonosapardi,29
hikmat_darmawan,30
senogumiraajidarma,31
arynilandari,32
hirataandrea,33
ardian_syaf,34
damonosapardi,35
bengrahadian,36
indah_wahyuningsih,37
liamtanu,38
achmadzaky,39
toing2,40
diajenglestari,41
mestyariotedjo,42
faris.fadjar,43
hanatarue,44
naziracnoer,45
m2rangan,46
gustikajusuf,47
leonikasari,48
catherinehindra,49
hanzkyy,50
shareefadaanish,51
nadiemanwarmakarim,52
patragumala,53
diazdanar,54
lutesha,55
pontohsabrina,56
khivaiskak,57
paulagusta1,58
marianaresli,59
chiccokurniawan,60
rahmetababil,61
okintph,62
kikinarend,63
kemalpalevi,64
tadeleshilham,65
upirocks,66
st_ikhrimah15,67
verdisolaiman,68
_putriayudya,69
botikapanggabean,70
andrimashadi,71
shenacinnamon,72
vincenttio,73
faung.al,74
delladartyan,75
deapanendra,76
olinefs,77
hugo_carugo,78
sakti_sitindaon,79
febrimauuul,80
endahsubrowi,81
mbezzone,82
tiarbah,83
prof.ondri,84
eno_bening,85
kiswinar,86
andhikanug,87
thirafib,88
namihotaru,89
rei_agara,90
ghaida_farisya,91
gifarperdana,92
gazellecross,93
ren.dee,94
berti.statementprod,95
tutusthomson,96
salshabillaadr,97
reynaldirifaldo,98
bebytsabina,99
asteriska_,100
bojvoyej,101
vanessaardelia,102
gebiann,103
safirakaunang,104
andihiyat,105
rezaboyadiputra,106
ruthhstefanie,107
karenthaliaaa,108
brian.khrisna,109
zarhendrik,110
ivanlanin,111
suci.patia,112
rennenesaa,113
devamahenra,114
almuhtadimd,115
jkt48michelle,116
bdabx,117
helloditta,118
rezaalexandre,119
okzvly,120
rickwattimena,121
9emiano,122
irwanbajang,123
